Gene,Blood,Breast,Kidney,Lung
ENSG00000003400.13,7.468003725709269e-06,0.0012339965452783377,0.0,0.0
ENSG00000003436.13,5.248122459520553e-07,0.0,0.0,0.0
ENSG00000004866.17,1.2052443929112226e-07,0.0,0.00021015293823707643,0.0
ENSG00000005073.5,0.0,0.0,1.8750005030341694e-07,0.0
ENSG00000006747.13,2.013583733383119e-05,0.0,5.761087468242121e-05,0.0
ENSG00000007312.11,5.1251096734805144e-05,0.0,4.9775791877577925e-05,0.0
ENSG00000008735.13,1.353477869179457e-07,0.0006372682131260355,0.0,0.0
ENSG00000010379.14,0.0,0.0,0.011032256779856317,0.0
ENSG00000011105.10,0.010106800159766704,0.0,0.0007773950516820796,0.0
ENSG00000011201.9,1.7200190503855077e-06,9.111345293249147e-05,0.0,0.0
ENSG00000015285.9,6.590406901835352e-05,0.0,0.0,0.0
ENSG00000016402.11,0.0,0.0,1.6303022431137788e-07,0.0005006448135518997
ENSG00000023892.10,0.0003040673102500492,0.0,0.004335985629871484,1.4349601320110137e-07
ENSG00000030304.11,0.0,0.0,0.0,0.0
ENSG00000037965.5,0.0,0.0,0.0005246107438488433,0.0
ENSG00000038295.6,0.008973896051520639,0.0,0.0,0.0
ENSG00000039139.9,6.67746927422859e-05,6.606365228580688e-05,0.0,1.924985455909943e-07
ENSG00000039560.12,0.0,0.0,0.0,0.00013132477497747048
ENSG00000041353.8,0.0,0.0,4.651082535647807e-05,0.0
ENSG00000047648.20,0.0,0.0,0.00018599909194000073,0.0
ENSG00000047936.9,0.0,0.0,0.00013952118522294487,0.014470033089176475
ENSG00000048740.16,4.210581917965857e-05,0.0,0.0,0.0
ENSG00000052344.14,3.3090923445648524e-05,1.3047091573911203e-05,0.0,0.0
ENSG00000053702.13,1.3182630791733738e-07,0.0,0.0,0.0
ENSG00000054793.12,1.463767309011227e-05,0.0,1.638046197321235e-05,0.0
ENSG00000055163.17,0.0,3.0376260731945354e-05,0.0,0.0
ENSG00000058085.13,0.009061090794623462,0.0,0.0,9.39164258745942e-05
ENSG00000058866.13,0.0,0.0,0.0,0.0
ENSG00000063660.7,0.0,1.3267374722695253e-05,0.0,0.0016661192838170942
ENSG00000064270.11,0.0,0.0,0.0,0.0
ENSG00000065060.15,0.0,1.656190410397652e-05,0.0,0.0
ENSG00000065361.13,0.009400467050907848,0.0,0.0,0.0
ENSG00000065618.15,0.0,0.0,0.0,0.0011792166859052517
ENSG00000066405.11,1.3305592837865102e-07,0.0,0.0,0.012311954809726246
ENSG00000066422.4,4.657266719329362e-07,0.0,0.0,0.0
ENSG00000066813.13,0.0,0.0,0.016265778555424135,0.001714491818051024
ENSG00000069122.17,0.009541765953594489,0.0,0.0,0.0
ENSG00000070778.11,0.059085357162230075,0.0,0.0,0.0
ENSG00000071282.10,0.0,0.0,0.0,0.0
ENSG00000072864.11,0.0,0.0,0.0,0.0
ENSG00000073711.9,0.0004929308111150566,0.0,0.00016908605529064003,0.0
ENSG00000073712.12,0.00014766758486948095,0.0,7.456813341439357e-06,0.0
ENSG00000073737.15,0.0,0.0,0.0,4.040037405533638e-06
ENSG00000073756.10,5.23893692428913e-07,0.0009206698929673176,0.0,0.00013606601859143333
ENSG00000074527.10,0.029221344462839957,0.0,0.0,0.0
ENSG00000074964.15,0.0005197443042297315,0.0,0.0,0.0
ENSG00000075891.20,0.0,2.4933296033427576e-06,0.021662181264902748,0.0
ENSG00000077063.9,0.0,2.6963698108434632e-05,0.0025667061795133493,0.0
ENSG00000078053.15,0.0,0.0,5.3550173189723556e-05,0.0
ENSG00000078081.6,0.0,0.0,0.0,0.006403997377049672
ENSG00000078399.14,0.0,0.0,8.688439545426834e-06,1.8376890274706977e-07
ENSG00000078596.9,1.2228980549330423e-07,0.0,0.0,0.0
ENSG00000079263.17,1.2872643185354646e-07,0.0,5.48139785015069e-05,6.788620657318306e-06
ENSG00000079482.12,0.0,0.0,0.0,0.0
ENSG00000080493.12,0.0,0.00011570903202331423,0.0008343046880016032,0.0002452077403705881
ENSG00000080573.6,0.0,4.4878471609333427e-05,0.0,0.0
ENSG00000081479.11,0.0,0.0,0.0,0.0
ENSG00000081800.7,0.0,0.0,0.023147077742127622,0.0
ENSG00000083067.21,0.0,0.0,1.593045528434687e-06,7.182232469901527e-06
ENSG00000083307.9,0.0,0.001293207522097091,0.002184932576696434,0.0
ENSG00000085276.16,0.0,0.0007462478926272148,0.0,0.0023652421468189936
ENSG00000086544.2,0.0,0.0,0.0,0.0
ENSG00000086991.11,0.009459641023873125,0.0,0.0,0.0
ENSG00000088002.10,4.818985752920787e-05,1.7207012579911555e-05,0.0,7.804367189881316e-05
ENSG00000089356.15,0.0,0.009004476668065023,0.0001519359405863992,0.0011631186142332275
ENSG00000090530.8,0.0,0.0,0.0,1.6047416128431644e-05
ENSG00000091831.20,0.0,0.027442128148897585,0.0,0.0
ENSG00000092929.10,0.0,0.00013192569769792775,0.001880217782011292,5.352651157507878e-05
ENSG00000099282.8,0.0033778240439358326,0.0009588115856428833,1.8356339745674647e-07,0.0
ENSG00000099725.13,0.0,0.0067989788327876355,0.0,0.0
ENSG00000099937.9,0.0,4.77031503486514e-05,0.0,2.6374936223466684e-05
ENSG00000099994.10,0.0,0.0,0.0,0.0
ENSG00000100065.13,1.6452520355968984e-05,0.0,0.0,0.0
ENSG00000100485.10,0.0,7.037807139471469e-06,0.0,0.0
ENSG00000101096.18,0.0,0.0,0.0,0.0
ENSG00000101132.8,1.287418114640463e-07,0.0,0.0,0.0
ENSG00000101162.3,0.0,0.0,0.0,0.0
ENSG00000101213.6,5.288476761340285e-07,0.00030040629144551103,1.028340472718355e-05,0.0
ENSG00000101311.14,0.0,0.0,0.0,0.0030927292840900577
ENSG00000101856.9,0.0006995853432477439,0.0,0.0,1.6138354568688963e-06
ENSG00000101955.13,0.0,0.00014026853870270308,0.0,0.0
ENSG00000102313.8,0.0,0.032727342636074186,0.0,0.003684866015102733
ENSG00000102359.5,0.0,0.00010229668031187633,0.0,6.026304475985793e-06
ENSG00000102554.12,0.0,2.97001101369613e-05,0.0,0.019090604064027634
ENSG00000103145.9,1.2901353032538838e-07,0.0,0.0,0.0
ENSG00000103241.6,6.22980062010941e-07,0.001094836413613934,0.0,0.007481774066892531
ENSG00000103381.10,0.0,0.0,0.0,0.0
ENSG00000103449.10,0.0,0.0018770159897835974,0.07500192247739958,0.0
ENSG00000103534.15,0.0,0.0,0.0,0.0005552897683307563
ENSG00000103855.16,0.00011566861359166697,0.0,0.0,0.0
ENSG00000104368.16,0.07015629300677133,0.0,0.0,1.1408988268498986e-06
ENSG00000104447.10,0.0,0.06893724118221968,0.0,0.0
ENSG00000104814.11,0.0004918255080333609,0.0,0.00032832222316300265,4.0407757959556995e-06
ENSG00000105048.15,0.0,0.0,9.381172051939701e-05,0.0
ENSG00000105352.9,0.0,0.0,0.0,0.0
ENSG00000105376.4,0.0,0.0003778208182721848,4.395055161736365e-05,0.0
ENSG00000105388.13,0.0,0.0,0.0012219557398904872,0.008777192167138785
ENSG00000105419.16,0.0,0.0,0.00023943255580399016,0.0
ENSG00000105429.11,0.0,0.0,0.00022979353884072885,0.0
ENSG00000105707.12,6.081445781661426e-06,0.00017179175517462208,0.0,0.0
ENSG00000106333.11,0.0,0.0,6.988982214839712e-07,0.0
ENSG00000106537.7,0.0,0.00016848064869987925,5.781015088839836e-05,1.4049692101659949e-07
ENSG00000106541.10,0.0,8.293291637699355e-07,1.913198957303345e-05,0.0011926069219625616
ENSG00000106565.16,0.0,0.0,0.0,0.0
ENSG00000106571.11,0.0,0.0,0.0,0.0
ENSG00000106789.11,0.0,0.0,0.0,0.0019723998768455334
ENSG00000106853.15,0.0010963742498921187,0.0,0.0,0.0
ENSG00000108001.12,0.0,2.022854081367773e-05,0.0,0.0011887870358885633
ENSG00000108187.14,0.0,0.0,0.0,1.9332776319169746e-06
ENSG00000108244.15,0.0,0.0,0.0,0.0
ENSG00000108381.9,0.0,0.0,0.006990001355070564,0.0
ENSG00000108582.10,0.0,0.0,0.0,0.0
ENSG00000109063.13,0.0,2.8723272775315786e-06,0.0,0.0
ENSG00000109846.6,0.010092759714629983,0.0,0.006025566715787987,0.0
ENSG00000110076.17,0.0,0.0,7.774082734885558e-07,0.0
ENSG00000110171.17,0.0,0.004808952955538211,0.0,0.0
ENSG00000110484.6,0.0,0.04325322415975623,0.0,0.0008651128014702736
ENSG00000110887.6,0.0,0.0,0.009933019111588202,2.544796162052742e-05
ENSG00000111199.9,0.0,0.0,0.0,0.0
ENSG00000111341.8,0.058145945243751676,0.004365190172641278,0.0,0.0
ENSG00000111432.4,0.0002889738714570561,0.0,0.0,0.00034822741835326804
ENSG00000111729.11,0.0,0.0,0.0,0.0
ENSG00000111796.3,0.0,0.0,0.0,0.0
ENSG00000112379.8,9.375102471438377e-06,0.0,0.0,4.6116336762855465e-06
ENSG00000112562.17,0.02745549704733686,0.0,0.0,0.0
ENSG00000112877.7,0.0,0.0,0.0,0.0
ENSG00000113140.9,0.0003013105108873264,0.0004935320189526692,0.0,0.0
ENSG00000113296.13,0.0,0.00021630395944566465,0.0,0.0
ENSG00000113361.11,1.082252522901688e-06,0.00018114690983875157,0.0251316281283921,0.0
ENSG00000113368.10,0.0,0.0,7.050676101859477e-05,0.0
ENSG00000113494.15,0.0,0.011037100572128518,0.0,0.0
ENSG00000113578.16,0.00977927914247756,0.003404683911436493,0.0,0.0
ENSG00000114019.13,0.02938462365688106,0.0,0.0,0.0
ENSG00000114315.3,0.0015001079351208994,0.0,5.2097243639826616e-05,0.0
ENSG00000114455.12,0.0,0.007543235639130382,0.0,0.004107401494297229
ENSG00000114771.12,0.0,0.0005594946512704374,0.0,0.0030291360425864513
ENSG00000114812.11,0.0,2.147242708529723e-06,0.0,0.0
ENSG00000115009.10,0.0,0.0,0.0,4.23697772133274e-05
ENSG00000115194.9,0.0,0.00044387365006078245,0.00013107395744856593,0.0
ENSG00000115363.12,0.0,0.0,1.2683075890375456e-05,0.0
ENSG00000115414.17,0.008952854722932899,8.162452350106544e-05,0.0,3.831695706195e-07
ENSG00000115461.4,0.000971765699624305,0.0,0.0,1.7066188881400513e-07
ENSG00000115468.10,0.0,0.007433416738887834,0.0,0.00078244866015906
ENSG00000115507.8,0.0,0.0,0.0007994172067244955,0.0009445296552367866
ENSG00000115648.12,0.018923129252258464,0.012854376641053274,0.0,0.0
ENSG00000116132.10,3.077327905636299e-05,0.00104937654995206,0.0,0.0
ENSG00000116133.10,4.2380362786831857e-07,0.0,0.0,8.620521883704975e-05
ENSG00000116285.11,0.029087878287450544,0.0,0.0,0.000494303790993518
ENSG00000116299.15,0.0,0.01780797084665501,0.0015465953784550648,0.0
ENSG00000116329.9,0.0,0.0,0.0,0.0
ENSG00000116791.12,2.0497947900990717e-06,0.0,0.0,0.0
ENSG00000116852.13,6.3538713038020886e-06,0.0,0.0,0.0
ENSG00000116885.17,5.086676123138378e-07,0.0,0.0,0.0
ENSG00000117152.12,0.00021769344897601162,0.0,0.001667473316262974,0.0
ENSG00000117519.14,0.009934151552270315,0.0,0.0004534156849103112,0.0
ENSG00000117595.9,0.0004675857454849578,2.90316136512359e-05,0.000448516156254205,7.287723966804859e-05
ENSG00000117600.11,0.0,0.0,0.0,0.0
ENSG00000117983.16,0.0,0.0002578254278689759,2.1928437549750078e-05,1.9058262330855568e-05
ENSG00000118263.13,0.0,1.5736054632876466e-05,0.0,0.0
ENSG00000118762.6,0.0,0.0,0.0004320672444167057,0.0
ENSG00000119280.15,0.00881994537456344,0.0006759823770767705,0.0,0.0
ENSG00000119938.8,0.0,6.342877240454802e-07,0.00022710937219434397,0.0
ENSG00000121075.8,0.0,0.0,1.6896142442576053e-06,0.027265890121226648
ENSG00000121101.14,0.0,0.0,1.042790620225296e-05,4.0468085102671697e-07
ENSG00000121270.14,0.0,0.012415233337952152,0.0,0.0
ENSG00000121797.9,4.4430412082924e-07,0.0,0.0,0.0
ENSG00000122203.13,0.0,1.3696245191603201e-06,0.00038180568583847524,0.0
ENSG00000122642.9,0.0010666879638595577,0.0,0.0,1.948086565599603e-07
ENSG00000122863.5,0.0,0.0,0.0,0.0
ENSG00000123636.16,0.0,0.0,0.0,0.0
ENSG00000123838.9,0.0,0.001129718289393008,0.0,0.024741048230042563
ENSG00000123977.8,0.0,0.00017212597142821879,0.0,7.464337094885925e-05
ENSG00000124103.8,0.0,0.0,2.937525030670048e-05,0.0
ENSG00000124145.6,0.00036441902798184573,0.0,0.0,0.0
ENSG00000124237.5,0.0,0.0,0.0,0.0002887866630854737
ENSG00000124253.10,0.0,0.0,0.00011167972377248931,0.0
ENSG00000124343.11,0.0,0.000954229244417049,0.0,0.0
ENSG00000124564.16,0.0,0.0,0.01543237281427083,0.0015521260101341065
ENSG00000124568.9,0.0,2.0869756846301617e-05,0.016569384296168856,0.0
ENSG00000124935.3,0.0,0.0008291552191100288,0.0,0.0024186246289948344
ENSG00000125246.14,1.23619464530329e-07,0.0,0.0012840932038914923,0.0
ENSG00000125257.12,0.0,0.0007107997481303105,0.0,0.0
ENSG00000125354.21,0.0,0.0,0.0,0.0
ENSG00000125398.5,0.0,4.8457138157127e-05,0.0,0.0
ENSG00000125618.15,0.0,0.0017031707279291943,0.04879038360058392,0.0
ENSG00000125798.13,0.0,0.0036077074316751855,0.0,0.00840172990579257
ENSG00000125872.7,0.0,5.401370697147041e-07,3.634405148492752e-05,0.0
ENSG00000126217.19,0.0,0.0,0.0,0.0
ENSG00000126603.7,0.0,0.0,0.0,0.0
ENSG00000126785.11,0.00016060293605204144,0.0,0.0,0.0
ENSG00000126861.4,5.061804401910175e-07,0.0012347516070710326,0.0,0.0
ENSG00000128242.11,1.1976158073814614e-07,0.00022293193237314074,0.016093149492722773,0.0
ENSG00000128886.10,0.0,1.876319084060639e-06,0.0,0.0
ENSG00000128951.12,0.0,0.0,0.0,0.0
ENSG00000129354.10,2.9163902989606365e-06,2.708553447873011e-06,0.0,0.0
ENSG00000129514.5,7.222330448030557e-08,0.009245970418756654,0.001369478165522022,0.0027272049910079684
ENSG00000129521.12,0.0,0.0,0.0,0.0
ENSG00000129625.11,0.0,3.861944987954383e-05,0.0,0.0
ENSG00000130176.6,0.010667864355962571,0.0,0.0,0.0
ENSG00000130203.8,0.0,2.0448077006015475e-07,0.0,0.00015734993869960555
ENSG00000130234.9,0.0,0.0,0.0,2.210162219299449e-05
ENSG00000130513.6,1.2261798855720355e-07,0.0,0.0,0.0
ENSG00000130522.5,0.0,0.0,0.0,3.356212507829079e-06
ENSG00000130701.3,0.0,0.0003983799800969644,6.553797455378551e-05,4.086271647656096e-05
ENSG00000131355.13,0.0,0.0,0.0,1.044693154936612e-05
ENSG00000131400.6,0.0,0.0007307854311070537,0.0,0.014823185645181472
ENSG00000131459.11,0.0003311120911226122,4.016362644440952e-05,0.0,0.0
ENSG00000131620.16,1.2894963195616304e-07,0.0005222402079627409,0.0,0.0
ENSG00000131650.12,0.0,0.0,0.0,0.0
ENSG00000132031.11,0.0,2.5318405323158487e-05,0.0,0.0
ENSG00000132357.12,0.0,0.0,0.0,0.0
ENSG00000132698.12,0.0,0.004088465375579981,0.0,0.0011434506593599183
ENSG00000132746.13,0.0,0.009090946395980832,0.0005919488189581875,0.0
ENSG00000132749.9,0.0,0.000154553849767513,0.0,0.0
ENSG00000132840.8,0.0,0.0,2.2821003334538423e-05,0.0
ENSG00000132855.4,0.0,0.0013037152652140794,0.0,0.0
ENSG00000133110.13,3.167313246957671e-05,0.007790333540080459,0.0,0.0
ENSG00000133116.7,0.0,0.0,0.00689474982642585,0.0
ENSG00000133808.4,0.0,0.0,0.0012357345371574418,3.610657596516825e-05
ENSG00000134042.11,0.0,0.0,0.0,0.0
ENSG00000134207.13,1.3769174594857125e-07,0.00012734829669598432,0.0015282269021516606,2.8937060731007084e-05
ENSG00000134258.15,5.2574517194586505e-06,0.006210525819699268,0.0,4.855166244625383e-06
ENSG00000134259.3,0.00014240519438590068,0.0,0.0,1.570133836836297e-05
ENSG00000134398.11,0.0,1.1580191193091016e-05,0.0,0.005104213131798331
ENSG00000134443.8,0.0,0.0,7.261156733902234e-07,0.0
ENSG00000134516.14,0.00018387734778619978,0.0,0.0,0.0
ENSG00000134533.5,0.010566948604726472,0.0,0.0,0.0004960252018748259
ENSG00000134762.15,0.0,0.0007998093182312409,0.0,0.0005457282660809671
ENSG00000134874.16,0.0,0.0,0.002674958847680537,4.998904902543029e-05
ENSG00000134897.12,0.0,0.0,0.0005943798218422566,0.0
ENSG00000135100.16,0.0,0.0,0.007077806230054924,0.0
ENSG00000135220.9,0.0,0.0,0.00959262293365538,0.0
ENSG00000135451.11,0.0,0.0,0.0,6.210951983287545e-05
ENSG00000135744.7,0.0,0.0,0.0,8.142663833582557e-06
ENSG00000135801.8,0.0,0.0,0.0006193581979188274,0.0
ENSG00000136014.10,0.0,0.0,0.0,0.0
ENSG00000136352.16,0.0,1.713147121431374e-05,0.0,0.046109891234000625
ENSG00000136546.12,0.0,0.0,0.0,5.6515081409744685e-05
ENSG00000136883.11,0.0012748464836946163,9.972992115095061e-05,0.0,8.489383128712085e-05
ENSG00000136944.16,0.0,0.038058469906292636,0.0,0.0
ENSG00000137273.3,0.0,2.760275238899061e-06,1.475396647330741e-06,0.004093767724889411
ENSG00000137449.14,0.0,0.0,0.0,0.0
ENSG00000137558.6,1.1125841948004726e-06,5.980711121084676e-05,0.0,0.0
ENSG00000137648.15,0.0,0.0002728588773863364,0.0,0.0071289458503017555
ENSG00000137693.12,0.04343666678100708,0.0,1.9374351229244185e-07,0.0
ENSG00000137731.12,0.0,0.0,0.03041577784189139,0.0
ENSG00000137747.13,0.0,0.0006786472502742626,0.00011928265063916215,0.00801196960263172
ENSG00000137776.15,0.0,0.0,0.0,0.0
ENSG00000138079.12,0.0,9.99609981627252e-05,0.00856148893617466,0.00024319764547551655
ENSG00000138615.5,0.0,0.012549691592910292,0.0,0.0
ENSG00000138769.9,0.0,0.00024711804075368667,0.0,6.575098094146261e-06
ENSG00000138778.10,4.995233785598738e-07,0.0,1.1151699716971437e-05,0.0
ENSG00000139629.14,0.0,2.3584641062776066e-06,0.00041065433339105596,0.0
ENSG00000140835.9,0.0,0.0,0.0,0.0
ENSG00000140839.10,1.252973573082907e-07,0.00023475173693773612,0.009625538727101285,0.0
ENSG00000140859.14,0.0,0.0,0.0,6.136890209276888e-07
ENSG00000140950.14,0.0,0.00015861491624461578,0.0,0.0
ENSG00000141424.11,0.0,0.04356873808412914,0.0,0.0
ENSG00000141527.15,0.0,0.00455076561477343,0.00039861858731785136,0.0
ENSG00000142192.19,0.00017703846537701215,0.0,0.0,0.0
ENSG00000142627.12,0.0,2.4991025040637266e-05,0.0,0.0
ENSG00000142661.17,0.0,0.0,4.8124855347950585e-05,5.700168561241711e-05
ENSG00000142748.11,4.440173026731909e-07,0.0010122259741703252,0.0,0.0
ENSG00000142871.14,0.00962669530784469,0.0,0.0,0.0
ENSG00000142973.11,4.89162869546864e-07,0.00013205943550165377,0.0002421487100394817,0.0006115891146705365
ENSG00000143028.8,0.0,0.00029569704367557817,0.003756620930533685,0.0
ENSG00000143061.16,0.029672377738931284,0.0,0.0,0.0
ENSG00000143153.11,3.232278285949778e-05,0.0001659459900581123,0.0,0.0
ENSG00000143217.8,0.0,0.0008127524214491984,0.0005142069581473023,0.004287284765787169
ENSG00000143248.11,0.00943247366445347,0.0,0.00012070120663968047,0.0
ENSG00000143450.13,0.0,0.0027039164936573656,0.0,0.0
ENSG00000143545.7,0.0002998765685907697,0.0,0.0,0.0
ENSG00000143578.14,0.0,0.0133244187889891,0.0,0.0007819812020595793
ENSG00000143867.6,0.00023188189848289976,0.0,0.0,0.0
ENSG00000144035.3,0.0,0.0,0.015100634276033118,0.0
ENSG00000144061.11,0.00018573159864862767,0.0,0.0,0.0
ENSG00000144460.11,0.0,0.0,0.0,0.0
ENSG00000144619.13,1.4235546845638308e-07,0.0,0.0,0.0
ENSG00000144730.15,0.00047895012871942386,0.0,0.0003086725347106839,0.0
ENSG00000144824.18,0.0,0.0,0.0,0.0
ENSG00000145113.20,1.2522805043174557e-07,0.0008775613334742037,0.0,0.009881107555508558
ENSG00000145824.11,0.0,0.0,0.0,0.0
ENSG00000146039.9,0.0,0.0,0.01579919252815761,0.0
ENSG00000146648.14,0.009216816136706508,0.0,0.0,0.0
ENSG00000146674.13,7.920902110444235e-05,0.0,0.0,0.0
ENSG00000146950.11,1.232385612760361e-05,0.0,0.0,0.0
ENSG00000146966.11,0.0,0.0,0.0037940283547859424,0.0
ENSG00000147003.5,5.015970335150826e-07,0.0,0.0076075790459317425,0.0
ENSG00000147113.15,5.2149821398216607e-05,0.0,0.0,0.0
ENSG00000147257.12,0.0,0.0,0.0,0.0
ENSG00000147573.15,0.0,0.0,2.6886085535646986e-06,0.0
ENSG00000147647.11,0.0,0.0,0.0,0.0
ENSG00000147655.9,0.0,0.0,0.0,0.0002308777932413648
ENSG00000147697.7,0.0,0.0,0.0,0.005013022374953016
ENSG00000147862.13,0.00908708822519555,0.00032824232656298815,0.0,0.0
ENSG00000148498.14,0.0009507540044111909,0.0,0.00011088427151620305,0.0
ENSG00000148541.11,0.0,0.0,0.0,0.0
ENSG00000148735.13,0.0,5.9322668964104176e-05,0.0008788630489144744,0.0
ENSG00000148908.13,0.0,0.0007372505748608611,0.0,0.0
ENSG00000149021.5,0.0,0.0012185812510867567,0.0,0.02913397944162801
ENSG00000149043.15,0.0,0.0,0.0,7.711342956105065e-05
ENSG00000149090.10,0.0,0.0,0.0,0.0
ENSG00000149115.12,0.00026686350079277205,0.0003568105623806402,0.0,0.0
ENSG00000149124.9,0.0,7.205605155793356e-05,4.2395369280991714e-05,0.000940997369409082
ENSG00000149243.14,0.0,0.0,0.0,0.0
ENSG00000149305.5,0.0,0.0,0.0,0.0
ENSG00000149435.11,0.0,0.0,0.0,0.006007374094603005
ENSG00000150526.10,0.0,0.0,0.0,0.0
ENSG00000150628.5,0.0,0.0,0.00019224526357832856,0.0
ENSG00000150667.6,0.0,0.004581383248173366,0.0,0.0001331977103764148
ENSG00000150773.9,8.73524570015046e-06,0.0,0.0,0.0
ENSG00000151276.22,0.0,0.0,0.0,0.0
ENSG00000151353.13,0.0,0.0,9.223859781088396e-05,0.0
ENSG00000151365.2,0.0,0.003446711643464269,0.0,0.005607297321325831
ENSG00000151611.12,0.0,3.739225466878032e-06,0.0,0.0
ENSG00000152583.11,0.009195409726817741,0.0,0.0,0.0
ENSG00000152763.15,1.9929029240397115e-06,0.0,0.0,7.386030989394109e-06
ENSG00000152785.6,0.0,0.0004824901716834922,0.0,0.000394012778884948
ENSG00000152952.10,0.0,0.0,0.0,0.0
ENSG00000153904.17,0.0002769012295532445,0.0,0.0,0.0
ENSG00000154096.12,0.01857222160871772,0.0,0.0,0.0
ENSG00000154310.15,0.0,0.0,0.0,0.0
ENSG00000154473.16,0.0,0.0,0.0,0.0
ENSG00000156802.11,1.0325220653142975e-06,6.658556484718444e-07,0.0,0.0
ENSG00000157005.3,1.234678728632437e-07,0.0,0.0028166861859401315,0.0
ENSG00000157017.14,5.2482350522892496e-06,0.0,0.0,0.0
ENSG00000157335.18,0.0,0.0,0.0,0.0
ENSG00000157510.12,0.0,0.0,0.0,0.0
ENSG00000157551.16,7.82880032414305e-06,0.002837546891488542,0.0,0.0003884882174032406
ENSG00000157557.10,0.0,0.0,0.0,0.00020641486209209523
ENSG00000157765.10,0.0,0.0,0.0,0.010530045878155649
ENSG00000158636.15,0.0,0.0,0.0,0.0
ENSG00000159166.12,9.498180965953399e-07,0.0,2.8499475764134245e-05,0.001547208867348271
ENSG00000159167.10,0.0,0.0,7.072192987988208e-07,0.0
ENSG00000159212.11,0.0,0.0,0.0,0.0003322383311739162
ENSG00000160191.16,0.0,0.0,0.0008540624634198904,0.0
ENSG00000160218.11,0.0,0.0,0.0,0.0
ENSG00000160678.10,0.0,0.0004505377917879081,0.0,0.0007847953939306364
ENSG00000160862.11,0.0,0.021874967989725123,9.428824197333077e-05,0.0021942601110541064
ENSG00000161634.10,0.0,0.00010349321447318325,0.0,0.0
ENSG00000161905.11,0.0,0.0,0.00027313781241730835,1.1951224668510756e-05
ENSG00000161960.13,7.72041237065036e-05,4.707398860030045e-05,0.0,0.0
ENSG00000162078.10,0.0,0.01433593147474886,0.0013250463842049702,1.5321403669355155e-06
ENSG00000162409.9,0.0002621225129284534,0.0,0.0,0.0
ENSG00000162458.11,0.009487506200334818,0.0,0.0,0.0
ENSG00000162493.15,0.0,0.0,2.5875250930126056e-06,0.0037912753575301715
ENSG00000162545.5,0.010309934308850667,0.0,0.001042302599859677,0.0
ENSG00000162598.12,0.0,0.0,0.0,0.0008855395960898849
ENSG00000162618.11,0.009447288957841197,0.0,0.0,0.0
ENSG00000162814.9,0.00042277585532707665,0.0,0.0,0.0
ENSG00000162882.13,0.0,0.0,0.0,0.0
ENSG00000162981.13,0.0006452102251946366,0.0001289010677219424,0.0,0.0
ENSG00000162989.4,0.0,0.0,0.00014168634110978254,0.0
ENSG00000162994.14,0.0,0.0,0.0,0.0
ENSG00000163283.6,0.0,0.0025806184458129137,0.0,0.0
ENSG00000163347.5,1.8450052816178715e-06,0.0,0.0,6.957150504831515e-07
ENSG00000163364.8,0.000289350979047505,0.0,0.0,2.299920165717185e-05
ENSG00000163431.12,6.1793569603009155e-06,1.2864040217228787e-05,0.0,0.0
ENSG00000163581.12,0.0,1.2359866325534742e-05,0.0006585489360029631,0.0
ENSG00000163624.5,0.0001137288429629142,0.0,0.0,0.0
ENSG00000163638.12,0.0,4.629545232662772e-06,2.3570645682565445e-05,0.0
ENSG00000163734.4,1.1476119965783443e-07,1.2662214752400894e-05,0.0,0.0
ENSG00000163739.4,0.0,0.0,0.0,0.0
ENSG00000163915.6,0.0,0.0013313774444781263,0.0,1.5377632046931817e-07
ENSG00000164035.8,6.7267671158941466e-06,1.0953004565578228e-05,0.0,0.0
ENSG00000164039.13,0.0,0.0,0.007279294768622111,0.0002672983095990875
ENSG00000164078.11,0.0,0.00032909925182296023,0.0,0.0
ENSG00000164107.8,9.66394075108338e-07,0.02012551070084131,0.0,2.276197991981986e-05
ENSG00000164236.10,1.3325410245877775e-07,0.0,0.0,0.0
ENSG00000164265.7,0.0,7.593147618077795e-07,0.0,0.028177345882368372
ENSG00000164294.12,0.0,0.0,0.00017521627420958533,1.7057255231942687e-06
ENSG00000164325.7,0.0,0.00018691896384192576,0.010215541783990718,0.0
ENSG00000164363.9,0.0,0.0,0.0,0.0
ENSG00000164400.5,0.0,0.0,0.0,0.010229418509058947
ENSG00000164458.8,0.0,0.0,0.0,0.0
ENSG00000164509.12,0.0,0.0005741599947345171,0.0,0.0004252901814371646
ENSG00000164736.5,0.00902295240488627,3.0694484461036463e-06,0.0,0.0
ENSG00000164746.12,0.0,0.0,0.0,0.0007016613796307968
ENSG00000164893.7,0.0,0.005259027717709883,0.0,0.003971918149948514
ENSG00000164902.12,0.0,0.0,0.0,0.0
ENSG00000164904.14,0.0,0.0,4.012013389249451e-05,0.0
ENSG00000165138.15,0.0,0.0,0.0,0.0
ENSG00000165272.13,0.0,0.0,0.0,1.8654360583208856e-07
ENSG00000165475.12,0.0,2.7576989478642717e-06,0.007387859139546833,0.0
ENSG00000165828.12,0.0,0.0,0.005328409509658094,0.0
ENSG00000165868.11,0.0,0.0,0.0,0.0
ENSG00000165929.11,5.148267057836806e-07,0.0,0.0,0.0
ENSG00000166033.10,0.029905460908998174,0.0,0.0,0.0
ENSG00000166035.9,0.0,0.0,0.00044277051684186937,1.1480942600732556e-05
ENSG00000166183.14,0.0,0.0,0.0,0.0
ENSG00000166444.16,0.0,0.0,0.0,0.0
ENSG00000166478.8,0.0,0.0,0.0,1.8463960189450152e-07
ENSG00000166821.7,5.079910857400635e-07,2.880716398005458e-05,0.0,0.0
ENSG00000166831.7,0.0,0.0,0.004239373234184682,2.2087347308053845e-07
ENSG00000166961.13,0.0,0.0,0.0010580216737214162,4.364417673120963e-05
ENSG00000167105.6,0.0,5.564688634581192e-05,0.0,0.0012770175963314069
ENSG00000167157.10,0.0,0.0014355100860585104,8.245991415003606e-05,0.0
ENSG00000167191.10,0.01902604766995274,0.00022195786850345213,0.0,0.0
ENSG00000167315.16,0.0,0.0,0.006701413662431992,1.1932210076525034e-05
ENSG00000167767.12,0.007361768197659598,0.0,0.0,0.0
ENSG00000167981.5,0.0,0.0,0.0,0.0
ENSG00000168066.19,0.0,0.0,0.0,0.0
ENSG00000168067.10,0.0,0.0,0.0,0.0
ENSG00000168269.8,0.0,0.000356594930712872,0.00030105310150845,1.4465114161520687e-05
ENSG00000168484.11,0.0,0.0005863384546339057,0.0,0.03371438849181224
ENSG00000168675.17,0.0,0.00023570665871012474,0.0,4.73251804400167e-05
ENSG00000169085.10,0.0,0.00018019885046615837,0.0,0.00011688545081948488
ENSG00000169174.10,0.0,2.059150893963215e-05,0.0001634926810944222,0.004959384268199772
ENSG00000169429.9,0.0,1.840867953143712e-06,0.0,0.0
ENSG00000169604.18,0.00016402460819468098,0.0,0.0,0.0
ENSG00000169710.6,0.0,0.004000919088712274,7.138579194422932e-07,0.0
ENSG00000169851.14,2.418235614081276e-05,0.0,0.0,3.370572455307507e-05
ENSG00000170166.5,0.00024016115593315955,0.0,0.004508910345142965,0.0
ENSG00000170370.11,0.0,0.0,0.050810718646257885,0.0013255608716425215
ENSG00000170421.10,0.009756795137779335,0.0008400042547017212,0.0,0.0
ENSG00000170537.11,0.00953612459799784,0.0,0.0,0.0
ENSG00000170558.7,0.0,0.0,0.0035262376844069437,0.0
ENSG00000170561.11,0.0,0.0,0.0,0.0
ENSG00000170786.11,0.0,0.002829940082757747,0.001146541748368733,0.0002056022765179766
ENSG00000171049.8,0.0,0.0,0.0,0.0
ENSG00000171303.6,0.0,0.0,2.343888450973476e-05,0.0
ENSG00000171345.12,0.01986141573417312,0.0008128761863646673,0.0,1.7027423351482774e-05
ENSG00000171533.10,0.018794799174010803,0.0,0.0,0.0
ENSG00000171557.15,0.0,0.0,0.0,0.005471580659142645
ENSG00000171560.13,0.0,0.0,0.0,0.004615564738911836
ENSG00000171658.7,0.0,0.00020420991185547113,0.0,0.004410322186893213
ENSG00000171766.14,0.0,0.0,0.013643320227125099,0.0
ENSG00000172367.14,0.0,0.0,0.0,0.0
ENSG00000172380.5,0.04918664193615444,1.9881417411193034e-07,0.0,0.0
ENSG00000172478.16,0.0,1.670478285472778e-06,0.0,0.0
ENSG00000172578.10,0.0010789197561644082,0.0,0.0018260130734889662,5.213432168449769e-06
ENSG00000172831.10,0.0,0.0,3.8778795012360896e-05,1.6293404103528423e-07
ENSG00000173267.12,0.0,0.0,0.0,0.0
ENSG00000173548.8,0.0,0.0,0.0010611752476342236,0.0
ENSG00000173575.17,0.0,1.4041277786297347e-05,0.0,0.0
ENSG00000173826.13,0.0,0.0,0.0,0.0
ENSG00000173918.13,0.0004235988733926782,0.0,0.0,0.0
ENSG00000174358.14,0.0,0.0,0.0,0.0
ENSG00000174502.17,0.0,0.0,0.0,0.0001553573717429562
ENSG00000174628.15,2.6104824366955466e-05,0.0,1.5903559290722474e-06,4.061652044916908e-06
ENSG00000174804.3,0.0,4.484802706948027e-06,0.0009372887125833259,0.0
ENSG00000174827.12,0.0,0.0,0.0,0.0008526892291746389
ENSG00000175426.9,0.0,0.0,0.0,0.0
ENSG00000175879.8,9.775717599762913e-05,0.00038278284614729966,0.005979012711871543,0.0
ENSG00000175895.3,1.9459270852913808e-06,0.0,0.0001004199684922266,0.0
ENSG00000176402.5,0.0,0.03859511948823009,0.0,3.276398118125408e-06
ENSG00000176595.3,0.0,0.0,0.00010739904203153708,0.0
ENSG00000176597.10,0.0,0.00019728552630359218,0.0,0.00040808817820310817
ENSG00000176720.4,0.020120417528565065,0.0,0.0,0.0
ENSG00000176907.4,0.001154077341400396,0.0,0.00024505965983847927,0.000127484995209812
ENSG00000177990.10,0.0,0.0,6.40413547182794e-05,0.0
ENSG00000178372.7,0.0,0.02398568872990822,0.0,0.0
ENSG00000178401.13,0.01839854765300596,0.0,0.0,0.0
ENSG00000178458.5,0.0,4.1579257696118184e-05,0.0,0.0
ENSG00000178473.6,0.0,0.0,0.0,0.00013386874770774136
ENSG00000178597.5,0.0,0.0,0.0,0.00384946733212776
ENSG00000178935.5,0.0,0.006364539044796967,1.7159906728577685e-05,0.0
ENSG00000179314.12,0.0,4.137813738905138e-06,0.008446679461156069,0.0
ENSG00000179593.14,1.2521729400506286e-07,0.0,0.0,0.0008503738305964992
ENSG00000179813.5,0.0,0.0,0.0,0.01638206891423426
ENSG00000180190.10,0.0007106754190375373,0.0,0.0,0.0
ENSG00000180263.12,0.0,0.0,2.1107552583209235e-07,0.0
ENSG00000180660.7,4.736137932681148e-07,0.0,0.0,3.902900661912728e-05
ENSG00000180745.4,0.0,0.0003211890009665093,0.014702816431158857,0.0
ENSG00000180747.14,0.00012542048239387604,6.937377853810236e-06,0.0,0.0
ENSG00000180769.7,6.8971864497165e-05,0.0,5.479611364970062e-05,0.0
ENSG00000180772.6,0.0,8.150736630478897e-05,0.0,0.000772603414120729
ENSG00000180777.12,0.0,0.00684393082993039,0.0,0.00010113550503463542
ENSG00000180801.12,0.009154655635453937,0.0,0.0,0.0
ENSG00000180818.4,0.0,0.0006915667927778544,0.002711117925692382,8.243265062706893e-06
ENSG00000181092.8,0.0,0.011165358021046819,0.0,2.3547707213434228e-05
ENSG00000181751.8,0.0,6.524405604423117e-05,0.0,4.651374348171613e-06
ENSG00000182667.13,9.34119944171383e-06,0.0,0.0,0.0
ENSG00000182704.7,0.00039541614458765245,0.0,0.0,0.0
ENSG00000182916.7,0.00023613594154257289,0.0,0.0013073162815327906,0.0
ENSG00000183248.10,0.0,7.671158492158916e-07,0.0,0.0
ENSG00000183549.9,0.0,0.0,0.0,2.4480716673129475e-05
ENSG00000183747.10,0.0,0.0,0.01901526488910058,0.0025708650310541964
ENSG00000183798.4,0.0,0.0,5.491781293259274e-05,0.0
ENSG00000183878.14,0.0,0.0001941348183687874,0.0,0.00040859231000192126
ENSG00000183888.4,0.0,0.000351423113879116,0.0,0.0
ENSG00000184012.10,0.0,0.0,0.0004899018565753219,0.0
ENSG00000184363.8,1.0851183775192903e-06,0.0037275367473989717,0.0,0.0009316026167419359
ENSG00000184709.7,0.0,0.0,0.0012088080126440338,0.0
ENSG00000185046.17,0.0,0.00014450174496182777,0.0,3.863311116782192e-05
ENSG00000185303.14,0.0,0.0008044279514215648,5.057371121494701e-05,0.040585010808291085
ENSG00000185630.17,0.0,0.0,0.0,0.0
ENSG00000185811.15,0.0009241712200992374,0.0,0.0003337451765768718,0.0
ENSG00000186517.12,4.254292267929256e-05,0.0,0.0019258039449941702,0.0
ENSG00000186715.9,0.0,0.0,0.0,0.0
ENSG00000186847.5,0.0,0.0030189122701589095,0.0,0.0
ENSG00000186910.3,0.0,0.007440339136836835,0.0,0.0
ENSG00000187013.4,0.0,0.0,0.0,0.0
ENSG00000187258.12,0.0,0.000674017826557153,0.0,0.0007195988037194473
ENSG00000187498.13,0.009811939647611541,0.0,0.0,0.0
ENSG00000187908.14,0.0,0.0,0.0,0.022085202319790467
ENSG00000188026.10,0.0,1.7001073791583643e-06,0.00028703619499125893,0.0
ENSG00000188089.12,0.0,0.0,0.0,0.026541286394099407
ENSG00000188176.10,0.0,0.0,0.024694941374811576,0.0
ENSG00000188783.5,0.0,0.0,0.0,0.0
ENSG00000188906.12,0.0,0.0,0.0,0.0
ENSG00000189058.7,0.0,0.005785787252089237,0.0,0.0
ENSG00000189143.9,0.04895595429302449,0.0,0.0,0.0
ENSG00000189334.7,0.0,0.0013266169373568192,0.0,0.0015407328413849517
ENSG00000189377.7,0.0,0.0,2.869477122776636e-06,0.0019292550897108721
ENSG00000196260.3,0.0,1.268891989698524e-07,0.0,0.031815669843285446
ENSG00000196878.11,0.005936718015136643,8.230619981768648e-06,0.0,0.025260638271338634
ENSG00000197043.12,5.412782593065265e-07,0.0,0.0,0.0
ENSG00000197077.11,0.028591928291319898,0.0,0.0,0.0
ENSG00000197142.9,1.620840349212734e-05,0.0,0.00014455971786328135,0.0
ENSG00000197308.7,0.0,0.0074909831566341185,0.0,0.0
ENSG00000197375.11,0.0,0.0,0.0,0.0
ENSG00000197557.6,9.547388001504628e-07,0.0,0.0,0.0
ENSG00000197594.10,0.0,0.008181340827409178,0.0,0.0
ENSG00000197702.10,0.011522196768147006,0.0,0.0,0.0
ENSG00000198488.9,0.0,0.0001854294486181321,0.0,0.011297861893650127
ENSG00000198848.11,0.0,0.0,0.0,0.0007531575810040323
ENSG00000198914.2,0.0,0.0,0.0438379236075073,0.0
ENSG00000198959.10,0.0,0.00013164724249959504,0.0,0.0
ENSG00000199477.1,0.0,2.960985327935431e-06,0.0,0.0
ENSG00000199629.1,0.0,0.0,0.009106189668811876,0.0
ENSG00000201785.1,3.0410897105320093e-05,0.0,0.0,0.0
ENSG00000203780.9,0.0009786192282546923,0.0,0.0,0.0
ENSG00000203985.9,0.0,0.0,0.0,1.4722360477338084e-06
ENSG00000204187.5,0.0,0.0,0.0,6.563202866252805e-07
ENSG00000204442.3,0.0,0.0,0.0,0.0
ENSG00000204544.5,0.0,8.87118265445026e-05,0.0,0.0012199493551882593
ENSG00000204580.10,0.008295440110080293,0.0,0.0,0.0
ENSG00000205002.3,0.0,0.023293014512681332,0.0,1.8194831929777017e-07
ENSG00000205018.2,2.4285861590162827e-05,0.0,0.0,0.0
ENSG00000205363.5,0.0,0.0,0.0005550457808011029,0.0
ENSG00000205420.9,0.0,0.0,0.0,0.005408204724191656
ENSG00000205929.8,0.0,0.0,0.0,0.0
ENSG00000206072.11,1.1978457614906714e-07,0.0,0.0,0.00540147682257202
ENSG00000206075.12,0.0,0.0008077063106655377,0.0,0.00047875792084568753
ENSG00000206561.11,0.0,0.0,0.0,0.0
ENSG00000206675.1,6.097321140946607e-06,0.0,0.0,0.0
ENSG00000207997.1,0.0,0.0,0.0,0.0
ENSG00000210196.2,4.200502464304135e-06,0.0,0.0,0.0
ENSG00000211625.2,0.0,0.0,2.2329050058536322e-05,0.0
ENSG00000211663.2,1.5355145194126065e-06,0.0,0.0,0.0
ENSG00000211955.2,2.976041029773896e-06,0.0,5.0414203809910465e-05,0.0
ENSG00000212242.1,0.0,0.0,0.0,0.0
ENSG00000212283.1,0.0,0.0,3.866838712946362e-05,0.0
ENSG00000213024.9,0.0,0.0,0.0,0.0
ENSG00000213730.3,0.0,1.635148606880616e-06,0.0,0.001173966198730802
ENSG00000213949.7,3.94978920285047e-06,0.0,0.0,0.0
ENSG00000214100.7,0.0,7.83624118573753e-05,0.0,0.0
ENSG00000214207.2,0.0,0.0,0.0,0.0
ENSG00000214313.7,0.0,0.012600834422655109,0.0,0.0009611264890397591
ENSG00000214491.7,7.887176739275263e-06,0.0013258756860265093,0.0004931428494515879,0.0
ENSG00000214822.7,0.0,0.0026370045574206262,0.0,0.009422447784411278
ENSG00000214867.3,0.0,0.0,0.0,2.813732038806121e-06
ENSG00000215182.8,0.0,0.0,1.4584767939138754e-06,5.528365274505576e-05
ENSG00000215458.7,2.1445457150476645e-06,0.0,0.0,1.0191897723543799e-05
ENSG00000215580.9,0.0,0.0037932078451991735,0.0,0.0003126933867903133
ENSG00000219992.2,0.0,0.0,0.0,0.0
ENSG00000221986.5,0.0,0.0,0.0,0.0
ENSG00000222019.6,0.0,0.0,0.0,0.0
ENSG00000222365.1,1.0678319986189763e-06,0.0,0.0,0.0
ENSG00000222713.1,0.0,0.0,0.0,0.01576091288571062
ENSG00000222800.1,0.0,0.0,0.0,0.0
ENSG00000223808.1,0.0,0.0014444963547772386,0.0,0.0
ENSG00000223914.1,0.0,0.0001895504690029597,0.0,0.0
ENSG00000224389.7,0.0,0.0,0.0,0.00021737269593203557
ENSG00000224559.2,0.0,0.019944768422745646,0.0,0.0
ENSG00000224842.2,0.0,0.08362221839896321,0.0,0.008610382867372908
ENSG00000225064.1,0.0,0.0,6.19116226069425e-05,0.0
ENSG00000225190.7,1.274966276188435e-07,6.315080869544675e-06,0.0,0.0
ENSG00000225329.2,0.0,0.0011202317757910277,0.0,2.4545687350274125e-06
ENSG00000225362.7,0.0,0.02594753111084896,0.0,7.305272598987573e-07
ENSG00000225472.1,0.0,0.00037222041026341524,0.0,0.0
ENSG00000225649.4,0.0,0.0,0.00011569713873565571,0.0
ENSG00000226054.2,0.0,0.0,0.0,0.0
ENSG00000226337.3,0.0,0.0010257331714434974,0.0,2.1279840570301478e-05
ENSG00000226780.1,0.0,0.0,0.0,0.0
ENSG00000227155.6,0.0,2.619081228535201e-05,0.0,0.0
ENSG00000227300.11,0.0,0.0027556327311606516,2.0247968474470087e-07,0.04197978495186687
ENSG00000227373.4,1.206049924984737e-07,0.0,0.0,4.839695683723463e-06
ENSG00000227869.1,0.0,0.0,0.008962930717658682,7.069628022086049e-07
ENSG00000228221.4,0.0,0.0,0.0,7.027157951092802e-07
ENSG00000228689.6,0.0,0.0,0.0,0.0
ENSG00000228952.1,0.0,0.0007661446218486215,0.0,0.0025084133222766937
ENSG00000229380.1,0.0,0.0,0.03008840103469863,0.0
ENSG00000229415.8,1.3483184376537202e-07,0.0039483978752087,0.0,0.04961300010666872
ENSG00000229457.1,0.0,0.0,0.00530607801479128,0.0
ENSG00000229536.1,0.0,0.0,0.0,8.565665166503998e-06
ENSG00000229847.7,0.0,0.001596529312631868,0.013967289466165116,0.007646294114897296
ENSG00000230258.5,0.0,0.0,0.0,0.0
ENSG00000230838.1,0.0001500603692627125,0.0008076862623015337,0.0,0.0
ENSG00000230945.1,0.0,0.0,0.0005813947391914571,0.0
ENSG00000231013.1,0.0,0.0,0.0,0.0
ENSG00000231265.1,0.0,0.0,0.0,0.0
ENSG00000231322.4,0.0,0.0,0.0,0.004075391029475756
ENSG00000231743.1,0.0,0.0,0.0,0.0
ENSG00000231871.4,0.0,3.7346335513782573e-05,0.0,0.0
ENSG00000232110.6,0.0,0.001989147411885311,0.012524364531491226,0.0
ENSG00000232456.1,0.0,0.0,7.58639088653649e-05,0.0
ENSG00000233028.1,0.0,0.0008447840360734979,0.0,0.0
ENSG00000233639.4,0.0,0.0,0.00655399671769728,0.0001302115561287512
ENSG00000234899.8,0.0,0.0,0.0,1.9208106928849688e-07
ENSG00000234918.1,0.0,0.009991820927362395,0.0,0.0008651597247362204
ENSG00000235049.1,0.0,0.0006889413712393985,0.0,0.0
ENSG00000235092.4,0.0,0.0,0.013340487190109888,3.1863924550658457e-06
ENSG00000235142.6,0.0,0.0,0.008801719230134791,0.0
ENSG00000235238.1,0.0,0.0,0.0,1.7599244541433229e-07
ENSG00000235852.1,7.880854188403809e-06,0.0,0.0,0.0
ENSG00000236165.1,1.2722319722569523e-06,0.0,0.0,0.0
ENSG00000236242.1,0.0,0.0,0.00030516008061066605,0.0008116038175823133
ENSG00000237187.7,0.0,0.0,0.0022666259184972773,0.0
ENSG00000237576.1,0.0,0.0,0.0,0.0
ENSG00000238102.1,0.0,0.0,5.3007169223131916e-05,0.0
ENSG00000238160.1,0.0,0.0004656989668470786,0.0,0.0
ENSG00000240024.4,0.0,0.0,0.0,0.0
ENSG00000240758.2,0.0,0.0,0.0,0.0
ENSG00000240800.1,0.0,0.018640166352575843,0.0,0.0
ENSG00000240922.1,0.0,0.0,0.0,0.0009074640817901948
ENSG00000241158.4,0.0,0.0,0.0013781309814106081,0.0
ENSG00000241359.1,0.0,0.0,0.00011978337417480876,0.0007423812525806837
ENSG00000241461.3,2.1972616501181254e-05,0.0,0.0,0.0
ENSG00000242640.1,0.0,0.00010587679544936905,0.0,0.0
ENSG00000242659.1,0.0,0.0,0.0,0.0
ENSG00000243069.6,0.0,1.8160386192341215e-07,0.0,0.00020608569120208117
ENSG00000243083.4,0.0,0.0,0.0010310753383093066,0.0
ENSG00000243232.4,0.0,0.0,0.00033904637461056053,0.0
ENSG00000243663.1,0.0,0.0,0.0,0.0
ENSG00000244468.1,0.0,0.020197321457748912,0.0,0.0
ENSG00000245694.7,0.0,0.0,0.0,0.0
ENSG00000246334.2,0.0004012468237486779,6.576355068339933e-06,1.687737645129529e-07,0.0
ENSG00000248319.1,0.0,0.00021500316787056151,0.0,0.0
ENSG00000248996.1,0.0005656716859985846,0.0,9.676349223854227e-05,0.0
ENSG00000249007.1,4.219387491130919e-06,0.0,4.283221418269063e-05,0.0
ENSG00000249042.4,1.3050236153099707e-07,0.0006426588822085213,0.0,0.0
ENSG00000249138.1,0.0,0.0,0.0,0.0
ENSG00000249174.1,0.0,0.0,0.0,0.0
ENSG00000249346.5,0.0,0.0,0.0,8.179136444945846e-07
ENSG00000249459.7,2.68969298349238e-07,9.536603933099412e-05,0.0004423011811801152,0.0
ENSG00000249641.2,0.0,0.008015606306068747,0.0,1.1008439998485645e-05
ENSG00000249740.1,0.00010123005007959483,0.0,1.652318491264534e-06,1.6807576733347999e-06
ENSG00000249751.3,0.0,0.0,0.0,0.0
ENSG00000249916.1,0.0,2.0131067347555634e-05,0.0,0.000264744768717011
ENSG00000249917.2,0.0,0.003946698225829933,0.0,0.0
ENSG00000250344.1,0.0,0.00026545875431858805,0.0,0.0
ENSG00000250536.1,1.965137591658023e-06,0.0,0.0,0.0
ENSG00000250579.1,0.0,0.0,0.0,0.0
ENSG00000250635.1,0.0006331496078032735,1.537344182926233e-06,0.0,0.0
ENSG00000251284.2,0.0,0.0,0.001112443904239665,0.0
ENSG00000251292.1,0.0,0.0,0.014448622993618787,0.0
ENSG00000251532.1,0.0,0.0,0.0,2.7427945652303344e-06
ENSG00000251599.1,0.0,0.0,0.015529362333755284,0.0
ENSG00000251615.3,0.0,0.0,0.0,0.0
ENSG00000251685.3,0.0,0.0,0.0,0.0
ENSG00000251985.1,0.0,0.0,0.0,0.0067913228029716066
ENSG00000252061.1,0.00033497947861557014,1.3375937829300661e-05,0.0,0.0
ENSG00000252621.1,0.0,0.03778688328267968,0.0,0.0
ENSG00000252759.1,6.17885685090225e-05,0.0002209574033048962,0.0,0.0
ENSG00000253552.6,0.0,0.0010185626887501346,0.00020868810234863557,0.0
ENSG00000253563.2,0.0,0.0016199020286975579,0.0,0.07225660679623801
ENSG00000253764.1,0.0,0.0,0.0,0.0
ENSG00000253888.1,0.0,0.0,0.0010148019585376497,0.0
ENSG00000253893.2,0.0,0.0,0.0,0.0
ENSG00000254208.1,0.0007679515481498311,0.0,0.0,0.0
ENSG00000254369.5,0.0,0.0010511846335242749,0.0006611364341105241,0.0
ENSG00000254554.1,0.0,0.0,0.0,0.0
ENSG00000254844.4,0.0,7.98425431687527e-05,0.014437259664959172,0.0
ENSG00000255007.1,0.0,0.0,0.0,6.632829385630298e-06
ENSG00000255399.3,0.0,0.0,2.2339773198064938e-05,0.012438741123669444
ENSG00000255587.6,0.0,5.890777696992946e-05,4.566723477746736e-05,0.0
ENSG00000255746.1,0.0,0.0004578304183937788,0.0002849580261646934,0.0
ENSG00000255774.1,0.0,0.0001449787088039288,0.0,0.0
ENSG00000256151.1,0.0,0.00041677237353778896,0.0007888051453047118,0.009442285127371015
ENSG00000256612.6,0.0,0.0,0.000427324677815974,0.0011165738386718022
ENSG00000257135.4,0.0,0.0007035517927231394,0.0,0.0
ENSG00000257467.4,0.0,0.0,0.0,0.0
ENSG00000257520.1,0.0,0.0010345472109774276,0.0003589044778434654,0.009805997834797513
ENSG00000257542.4,0.0,0.0,0.0,0.0
ENSG00000257924.1,0.0,8.559946360895167e-06,0.0,0.0
ENSG00000258317.1,2.9893384147154812e-06,0.0,0.0,0.0
ENSG00000258551.4,0.0,0.0,0.0,1.4184824824301335e-06
ENSG00000258658.1,0.0,0.0,0.0,0.0
ENSG00000258708.1,0.0088114589530616,0.0,0.0,0.0
ENSG00000258844.1,0.0,0.0,0.0,0.012127230680713596
ENSG00000258963.1,0.0,0.0,0.0,0.0
ENSG00000259092.1,0.0,0.0,0.0,1.150127362938547e-05
ENSG00000259104.2,0.0,0.003095687117154861,0.0,0.0012053496495082476
ENSG00000259238.1,0.0003145584084920639,4.950548912455464e-06,0.0,0.0
ENSG00000259291.2,0.0,0.0,1.5815881689752262e-06,5.947711823366046e-05
ENSG00000259359.1,1.6003456017712526e-05,0.0,0.008164776755585062,0.0
ENSG00000259426.4,0.0,7.181151522080799e-07,0.0,0.0
ENSG00000259664.2,0.0,0.0,0.0007796506686421174,0.0
ENSG00000259772.5,0.0,0.0,1.4813855803859484e-06,5.555793958584314e-07
ENSG00000259863.1,0.0,2.326988346664974e-06,0.0,0.0
ENSG00000259974.2,0.0,0.0035950542573971816,0.0,0.03548884567598552
ENSG00000260009.1,0.0,0.00024934037147829915,1.9356943387586062e-07,0.0
ENSG00000260228.4,0.0,0.0004080807628098622,2.008094828344559e-07,0.0
ENSG00000260552.1,8.0890705092213e-05,0.0,0.0,0.0
ENSG00000260818.2,0.0,0.0,0.006455915798703756,0.0
ENSG00000261672.1,0.0,0.009538985981397565,0.0,0.0
ENSG00000261730.1,0.0,0.0,0.0,0.0031122710123441875
ENSG00000262198.1,0.0,0.0,0.0004265020662581742,0.0
ENSG00000262766.1,4.693457283592029e-07,2.1003185745146777e-05,8.72765180378822e-06,0.0
ENSG00000263432.2,0.0,0.0,0.0,0.0
ENSG00000263826.1,0.00011328415230727222,0.0,0.0,0.0
ENSG00000263847.1,1.032294118004572e-05,0.0,0.0,0.0
ENSG00000264016.2,3.678222480679286e-07,0.0,0.0,0.0
ENSG00000264219.1,4.7628666434012863e-07,0.0,0.0,0.0
ENSG00000264391.2,0.0,0.0,0.0,0.0
ENSG00000264458.1,0.0,0.0,0.0,7.317293079620985e-07
ENSG00000264538.5,3.0280232636073645e-05,0.0,0.0,0.0
ENSG00000264589.1,0.0,0.0,0.0,0.0
ENSG00000265190.5,0.0,0.0004615529849913776,4.9069923113822965e-05,0.0014914971346260723
ENSG00000265206.3,0.0006268527021690499,0.0,0.0007193070898338302,0.0
ENSG00000265479.4,0.0,0.0,0.0,0.0
ENSG00000266236.1,4.769482777400839e-06,4.6488865029291325e-06,0.0,0.0
ENSG00000267014.4,0.0,0.0,0.02480044629538205,0.0
ENSG00000267280.4,1.3579562266416167e-07,0.0,0.0008449781508788413,1.6812461097609644e-07
ENSG00000267480.1,0.0,0.0002227428790464105,0.0,0.0
ENSG00000267898.1,1.8886541936999185e-06,0.0,0.0,0.0
ENSG00000268287.1,0.0,0.0,0.0,0.00514954354623232
ENSG00000268509.2,6.198616212045269e-06,0.0,0.0,0.0
ENSG00000269113.3,0.0,0.0,0.033044785856252444,0.0
ENSG00000269119.1,0.0,0.0,0.0,0.0
ENSG00000269220.1,0.009626548382524896,0.0,7.136877269981643e-05,0.0
ENSG00000269228.1,0.0,0.0,0.0,0.0
ENSG00000269353.1,0.0,0.0,0.0,1.3320994686401002e-06
ENSG00000269486.2,0.0,0.0,0.0011990428831811827,0.0
ENSG00000269506.2,0.00016393583721512279,0.0,0.0,0.0
ENSG00000269570.2,6.341628686377784e-06,0.0,0.0,0.0
ENSG00000269688.1,0.0011783466941051328,0.0,3.3465411729906285e-05,0.0
ENSG00000269707.1,0.0,0.0,0.02603317521855217,0.0
ENSG00000269929.1,0.0,0.0,0.0,0.0
ENSG00000269937.1,0.0,0.0,0.0,0.0
ENSG00000270681.1,1.2674478696680188e-07,0.0,0.0,5.7155196950234995e-05
ENSG00000271155.1,0.0,0.00042303654073728964,0.00018962193052510977,0.0
ENSG00000271824.1,1.3017696469017549e-07,0.0,0.00049666738327669,0.00016594407445484044
ENSG00000271933.1,0.00010467881144321496,1.9093047767324457e-05,0.0,0.0
ENSG00000272256.1,0.000138047469866468,9.169977291491073e-05,0.0,0.0
ENSG00000272501.1,0.0,6.134498261000774e-06,0.0,0.0
ENSG00000272589.1,0.0,0.0,0.0,0.0
ENSG00000272644.1,0.0,0.0,0.0008630401893672408,0.0
ENSG00000273001.1,0.0,0.0,0.00021735591886212633,0.0
ENSG00000273188.1,0.00037086923930344627,0.0,0.0,0.0
ENSG00000273760.1,0.0,0.0,0.0,0.006160027851247047
ENSG00000273796.1,0.0,0.0,0.01172720114385074,2.9913424930706636e-05
ENSG00000274475.1,0.0,0.0,0.0,0.0
ENSG00000274719.1,0.0,0.0,0.0002784776208922847,0.0
ENSG00000274978.1,0.0,0.0,0.0,0.0
ENSG00000275322.1,1.8637111910405893e-06,0.0,0.0010592877112967482,0.0
ENSG00000275385.1,0.0,0.0,0.0,0.015294816020700687
ENSG00000275410.3,0.0,0.004339543295190674,0.003327188371158777,0.002075556404187272
ENSG00000275807.1,0.0,0.0,0.0,0.0
ENSG00000276261.1,0.0,0.0,0.00038847491347972267,0.0
ENSG00000276517.1,0.0,0.0003554812541462224,0.0,0.0
ENSG00000276842.1,0.0010968540003320768,6.529328298003155e-05,7.236432433131274e-07,0.0
ENSG00000277011.1,1.3367197621363494e-07,0.0,0.0020985232199788695,0.0
ENSG00000277135.1,0.0,0.0,0.002925042871532286,0.0
ENSG00000277268.1,0.0,0.0,0.0005776660908626311,0.0
ENSG00000277498.1,0.0,0.0,0.0,0.0
ENSG00000278058.1,0.0,0.0,0.0007304466590739644,0.0
ENSG00000278921.2,0.0,0.0,0.0002833042299356501,0.0
ENSG00000279019.1,1.1318513038969225e-06,0.0,0.0,0.0
ENSG00000279059.1,5.416695361483871e-07,0.0,0.0,0.0
ENSG00000279141.2,0.0,0.0,0.0,1.574227512648199e-07
ENSG00000279417.1,0.0,0.0,3.3484592256684294e-05,0.0
ENSG00000279685.2,0.0,0.0,0.0,0.0
ENSG00000279979.1,0.0,0.0,0.0,0.0
ENSG00000280002.1,0.0,0.0008349831218149848,0.0006718587638317122,0.012669427559197222
ENSG00000280285.1,0.0,0.0,0.0,0.003824927921889477
ENSG00000280366.1,0.0,0.0,0.00472875618931563,0.0
