Gene,Blood,Breast,Kidney,Lung,Ontology,Name,Blood_Expression,Breast_Expression,Kidney_Expression,Lung_Expression
ENSG00000104368.16,0.070156293,0,0,1.14E-06,Biological Process,PLAT,5594.078414,736.715355,1419.849919,1882.973825
ENSG00000070778.11,0.059085357,0,0,0,Molecular Function,PTPN21,1287.583733,1612.887693,10004.40639,8272.896058
ENSG00000111341.8,0.058145945,0.00436519,0,0,Biological Process,MGP,1271.287996,1918.380004,2605.086174,2026.218055
ENSG00000172380.5,0.049186642,1.99E-07,0,0,Biological Process,GNG12,94.36259128,64.3533674,812.6219467,53.55010624
ENSG00000189143.9,0.048955954,0,0,0,Molecular Function,CLDN4,104.2979149,1040.391276,8675.568069,1838.53512
ENSG00000137693.12,0.043436667,0,1.94E-07,0,Molecular Function,YAP1,4470.39935,391.6553809,259.9132019,377.9439816
ENSG00000166033.10,0.029905461,0,0,0,Molecular Function,HTRA1,44.93535723,1944.944278,299.3562327,601.5867622
ENSG00000143061.16,0.029672378,0,0,0,Molecular Function,IGSF3,46.21312796,5.996417847,6690.780748,27.91477107
ENSG00000114019.13,0.029384624,0,0,0,Ontology,name,126.0983352,5481.893285,9130.373481,3471.390829
ENSG00000074527.10,0.029221344,0,0,0,Ontology,name,23.71528907,1831.528364,768.5217724,2890.404173
ENSG00000116285.11,0.029087878,0,0,0.000494304,Molecular Function,ERRFI1,4811.93808,667.8940937,735.5453678,840.6022502
ENSG00000197077.11,0.028591928,0,0,0,Uncharacterised (Predicted intermembrane protein),KIAA1671,2.126627142,1389.512386,110.2623729,787.275543
ENSG00000112562.17,0.027455497,0,0,0,Ontology,name,4904.464666,1354.632792,623.3414533,1499.531332
ENSG00000176720.4,0.020120418,0,0,0,Ontology,name,3.851017332,6.467433186,16.16698437,54.66910477
ENSG00000171345.12,0.019861416,0.000812876,0,1.70E-05,Ontology,name,2.688134316,289.8377579,653.9211418,114.5479692
ENSG00000167191.10,0.019026048,0.000221958,0,0,Ontology,name,8.148715587,346.1896763,836.5022193,251.1445129
ENSG00000115648.12,0.018923129,0.012854377,0,0,Ontology,name,8.461544901,1189.067611,772.4534872,1956.267287
ENSG00000171533.10,0.018794799,0,0,0,Ontology,name,190.5684296,4250.01466,4589.637602,8412.726769
ENSG00000154096.12,0.018572222,0,0,0,Ontology,name,513.2807406,4420.432623,403.0525226,2395.958688
ENSG00000178401.13,0.018398548,0,0,0,Ontology,name,199.3107234,284.7052664,1467.121888,372.2818081
ENSG00000197702.10,0.011522197,0,0,0,Ontology,name,4.907251183,89.32184093,46.43969601,5094.501901
ENSG00000130176.6,0.010667864,0,0,0,Ontology,name,11330.51234,2391.85797,2154.592644,3947.464094
ENSG00000134533.5,0.010566949,0,0,0.000496025,Ontology,name,25.14466541,12387.74463,4032.52401,8806.57785
ENSG00000162545.5,0.010309934,0,0.001042303,0,Ontology,name,364.175609,312.488383,1188.70038,188.7253607
ENSG00000011105.10,0.0101068,0,0.000777395,0,Ontology,name,763.5550617,9960.595817,6126.2705,5336.763106
ENSG00000109846.6,0.01009276,0,0.006025567,0,Ontology,name,9230.180095,2836.139758,16614.53604,2301.753588
ENSG00000117519.14,0.009934152,0,0.000453416,0,Ontology,name,48.76948918,5214.13481,2622.463255,24175.78296
ENSG00000187498.13,0.00981194,0,0,0,Ontology,name,596.463258,76.53365111,266.3124537,498.6403254
ENSG00000113578.16,0.009779279,0.003404684,0,0,Ontology,name,191.5591296,4969.693144,4352.651497,11473.54933
ENSG00000170421.10,0.009756795,0.000840004,0,0,Ontology,name,121.4441327,1190.913293,141.6699233,1676.247181
ENSG00000142871.14,0.009626695,0,0,0,Ontology,name,3370.096731,2769.834332,2059.684482,2329.419788
ENSG00000269220.1,0.009626548,0,7.14E-05,0,Ontology,name,33.22038988,23573.21678,10460.00397,9769.811279
ENSG00000069122.17,0.009541766,0,0,0,Ontology,name,369.6799201,3630.23158,374.5579845,9441.615719
ENSG00000170537.11,0.009536125,0,0,0,Ontology,name,6.091474758,20.28663378,89.82094191,8100.124287
ENSG00000162458.11,0.009487506,0,0,0,Ontology,name,3292.601884,2180.122805,1760.210184,1934.311827
ENSG00000086991.11,0.009459641,0,0,0,Ontology,name,2.173878325,3.881251549,9091.230252,2.85019464
ENSG00000162618.11,0.009447289,0,0,0,Ontology,name,60.31245382,2691.112951,11191.55539,12039.48076
ENSG00000143248.11,0.009432474,0,0.000120701,0,Ontology,name,22.65980744,1330.077545,1689.504723,1490.611119
ENSG00000065361.13,0.009400467,0,0,0,Ontology,name,64.46881923,3684.935158,1601.786543,2441.274112
ENSG00000146648.14,0.009216816,0,0,0,Ontology,name,2306.74248,2526.605748,1340.983024,2281.735454
ENSG00000152583.11,0.00919541,0,0,0,Ontology,name,163.7202184,1914.027835,5275.808574,1671.989463
ENSG00000180801.12,0.009154656,0,0,0,Ontology,name,273.3305808,3758.014083,4986.088327,2932.178027
ENSG00000147862.13,0.009087088,0.000328242,0,0,Ontology,name,844.9581649,191.3574299,117.4096198,750.1048441
ENSG00000058085.13,0.009061091,0,0,9.39E-05,Ontology,name,3763.134983,539.4727922,682.6323128,5589.403425
ENSG00000164736.5,0.009022952,3.07E-06,0,0,Ontology,name,15.18634835,8323.90505,7544.279207,3135.498984
ENSG00000038295.6,0.008973896,0,0,0,Ontology,name,312.0732053,2917.204633,4117.183563,2052.409706
ENSG00000115414.17,0.008952855,8.16E-05,0,3.83E-07,Ontology,name,12.2850606,123.4983913,10179.22481,20.10427004
ENSG00000119280.15,0.008819945,0.000675982,0,0,Ontology,name,66.76338895,347.9828344,2236.720528,295.9820489
ENSG00000258708.1,0.008811459,0,0,0,Ontology,name,74.44773684,626.7413695,395.2406711,130.1331131
ENSG00000204580.10,0.00829544,0,0,0,Ontology,name,1564.392409,859.1943854,270.7504987,8296.834165
ENSG00000167767.12,0.007361768,0,0,0,Ontology,name,1635.652774,259.9693479,1889.12571,60.98766204
ENSG00000196878.11,0.005936718,8.23E-06,0,0.025260638,Ontology,name,5651.687426,1725.711466,2918.193626,1148.041966
ENSG00000099282.8,0.003377824,0.000958812,1.84E-07,0,Ontology,name,1562.415155,304.4219198,199.9867474,435.2692936
ENSG00000114315.3,0.001500108,0,5.21E-05,0,Ontology,name,99.03804816,1152.578056,894.7887741,993.0362715
ENSG00000136883.11,0.001274846,9.97E-05,0,8.49E-05,Ontology,name,137.6430119,519.3772563,12098.78842,1630.361207
ENSG00000269688.1,0.001178347,0,3.35E-05,0,Ontology,name,77.06269888,3065.576247,1397.697701,1522.863271
ENSG00000176907.4,0.001154077,0,0.00024506,0.000127485,Ontology,name,24.61758379,7763.141554,40770.0866,1725.04456
ENSG00000276842.1,0.001096854,6.53E-05,7.24E-07,0,Ontology,name,1.078142071,0.683174558,3253.527657,0.634632232
ENSG00000106853.15,0.001096374,0,0,0,Ontology,name,176.0546491,20.92476217,1896.295689,67.33936263
ENSG00000172578.10,0.00107892,0,0.001826013,5.21E-06,Ontology,name,6.468181931,5859.703824,458.7280981,3778.042777
ENSG00000122642.9,0.001066688,0,0,1.95E-07,Ontology,name,297.8976047,864.1342532,4266.967307,3965.398413
ENSG00000203780.9,0.000978619,0,0,0,Ontology,name,518.7812713,2873.628777,2401.278156,4559.95366
ENSG00000115461.4,0.000971766,0,0,1.71E-07,Ontology,name,6.600017138,654.2736808,2664.358097,340.7623675
ENSG00000148498.14,0.000950754,0,0.000110884,0,Ontology,name,17.8053701,790.3376166,128.0159731,706.4352943
ENSG00000185811.15,0.000924171,0,0.000333745,0,Ontology,name,16.59926786,12866.82244,456.7607776,14146.66737
ENSG00000254208.1,0.000767952,0,0,0,Ontology,name,337.7560998,661.966383,7859.224672,3251.787924
ENSG00000180190.10,0.000710675,0,0,0,Ontology,name,750.4879277,30943.74899,460.4660463,633.9824975
ENSG00000101856.9,0.000699585,0,0,1.61E-06,Ontology,name,6080.841294,1578.409932,680.7494477,3177.936901
ENSG00000162981.13,0.00064521,0.000128901,0,0,Ontology,name,92.56498957,6817.390095,1872.905508,3604.940881
ENSG00000250635.1,0.00063315,1.54E-06,0,0,Ontology,name,1025.668385,8.067450516,298.7334662,572.1466803
ENSG00000265206.3,0.000626853,0,0.000719307,0,Ontology,name,70.62328918,10.5619264,106.8955903,591.998994
ENSG00000248996.1,0.000565672,0,9.68E-05,0,Ontology,name,83.14117243,3403.155004,1887.571752,8623.227718
ENSG00000074964.15,0.000519744,0,0,0,Ontology,name,27.78583839,1366.75312,2679.335352,1383.030831
ENSG00000073711.9,0.000492931,0,0.000169086,0,Ontology,name,4256.220276,3440.748571,3742.213223,2581.883284
ENSG00000104814.11,0.000491826,0,0.000328322,4.04E-06,Ontology,name,2154.78263,1514.999651,1322.84976,1167.381812
ENSG00000144730.15,0.00047895,0,0.000308673,0,Ontology,name,926.6748163,1215.989636,1293.471866,1091.012457
ENSG00000117595.9,0.000467586,2.90E-05,0.000448516,7.29E-05,Ontology,name,327.7851231,20.54125347,30.16638262,63.14415808
ENSG00000173918.13,0.000423599,0,0,0,Ontology,name,115.7050275,1260.157381,144.5740872,1378.79212
ENSG00000162814.9,0.000422776,0,0,0,Ontology,name,68.1759233,370.411062,336.3334407,2855.163075
ENSG00000246334.2,0.000401247,6.58E-06,1.69E-07,0,Ontology,name,1474.399126,10102.44948,15230.92844,7439.146608
ENSG00000182704.7,0.000395416,0,0,0,Ontology,name,13.24631016,1354.456011,614.3478776,723.3204496
ENSG00000273188.1,0.000370869,0,0,0,Ontology,name,1.588686313,457.0129727,4.172568395,21.90420808
ENSG00000124145.6,0.000364419,0,0,0,Ontology,name,18.89757123,1308.143746,409.9884439,1400.138901
ENSG00000252061.1,0.000334979,1.34E-05,0,0,Ontology,name,609.488811,2011.500075,1306.553356,9605.415154
ENSG00000131459.11,0.000331112,4.02E-05,0,0,Ontology,name,689.5517235,3293.171231,5773.320142,2123.360213
ENSG00000259238.1,0.000314558,4.95E-06,0,0,Ontology,name,9.265939783,45.31817058,357.5723088,648.6211321
ENSG00000023892.10,0.000304067,0,0.004335986,1.43E-07,Ontology,name,2168.335028,2063.723257,3457.41405,1490.357228
ENSG00000113140.9,0.000301311,0.000493532,0,0,Ontology,name,2.978493214,115.1923594,7939.436699,108.8302242
ENSG00000143545.7,0.000299877,0,0,0,Ontology,name,48.44274265,3485.127412,229.7431869,5019.620305
ENSG00000163364.8,0.000289351,0,0,2.30E-05,Ontology,name,358.1823651,7490.760344,5519.794126,5870.290657
ENSG00000111432.4,0.000288974,0,0,0.000348227,Ontology,name,35.34739511,10387.94478,4518.615022,7946.084349
ENSG00000153904.17,0.000276901,0,0,0,Ontology,name,910.5722116,31684.40526,1879.180334,1567.654077
ENSG00000149115.12,0.000266864,0.000356811,0,0,Ontology,name,3471.787271,513.6853568,411.5335329,670.0405841
ENSG00000162409.9,0.000262123,0,0,0,Ontology,name,165.0105093,2077.316444,1607.869718,1117.456989
ENSG00000170166.5,0.000240161,0,0.00450891,0,Ontology,name,464.5915762,12.78581726,27.69143959,81.46808767
ENSG00000182916.7,0.000236136,0,0.001307316,0,Ontology,name,188.5261915,64.53490509,158.0164018,501.4139297
ENSG00000143867.6,0.000231882,0,0,0,Ontology,name,3.51923195,3066.193338,9.506979748,21077.78021
ENSG00000117152.12,0.000217693,0,0.001667473,0,Ontology,name,12.57008759,1455.638285,910.7740013,352.8272037
ENSG00000144061.11,0.000185732,0,0,0,Ontology,name,2379.583741,3456.500682,5780.600826,3018.471045
ENSG00000134516.14,0.000183877,0,0,0,Ontology,name,12.42085347,2600.67142,8806.631429,1916.063961
ENSG00000142192.19,0.000177038,0,0,0,Ontology,name,132.5140701,5718.952577,2520.879553,3803.971753
ENSG00000169604.18,0.000164025,0,0,0,Ontology,name,2407.776191,18608.28067,1559.267649,10264.27601
ENSG00000269506.2,0.000163936,0,0,0,Ontology,name,378.3908471,35199.96804,581.4582141,17481.96583
ENSG00000126785.11,0.000160603,0,0,0,Ontology,name,647.3305873,4587.630433,24356.82707,5289.155636
ENSG00000230838.1,0.00015006,0.000807686,0,0,Ontology,name,313.8850319,4224.412166,1196.889842,1169.082809
ENSG00000073712.12,0.000147668,0,7.46E-06,0,Ontology,name,678.3558893,3343.150412,418.3069756,3286.809362
ENSG00000134259.3,0.000142405,0,0,1.57E-05,Ontology,name,127.2442462,2568.446883,5728.288862,4823.850436
ENSG00000272256.1,0.000138047,9.17E-05,0,0,Ontology,name,97.89707829,372.6657603,618.8104023,60.87616975
ENSG00000180747.14,0.00012542,6.94E-06,0,0,Ontology,name,439.6505993,608.9400286,5159.41043,511.3126715
ENSG00000103855.16,0.000115669,0,0,0,Ontology,name,148.9820714,4173.828145,284.5097836,874.0854702
ENSG00000163624.5,0.000113729,0,0,0,Ontology,name,10.69822683,150.0767682,2460.247971,109.6153837
ENSG00000263826.1,0.000113284,0,0,0,Ontology,name,5611.068614,11710.81632,10964.98878,15209.58073
ENSG00000271933.1,0.000104679,1.91E-05,0,0,Ontology,name,307.7048406,142.806653,684.8922859,129.7733893
ENSG00000249740.1,0.00010123,0,1.65E-06,1.68E-06,Ontology,name,12.43568263,7037.477272,68543.77226,1873.317092
ENSG00000175879.8,9.78E-05,0.000382783,0.005979013,0,Ontology,name,867.5119316,274.4252179,1623.70862,193.6177583
ENSG00000260552.1,8.09E-05,0,0,0,Ontology,name,443.3355848,2008.78283,719.3646032,658.1042784
ENSG00000146674.13,7.92E-05,0,0,0,Ontology,name,1.136092594,68576.16027,7.012914015,14.93830352
ENSG00000161960.13,7.72E-05,4.71E-05,0,0,Ontology,name,2.153036797,1.509288422,718.4319112,3.99594141
ENSG00000180769.7,6.90E-05,0,5.48E-05,0,Ontology,name,27.4700005,504.0627946,1705.194751,1066.907293
ENSG00000039139.9,6.68E-05,6.61E-05,0,1.92E-07,Ontology,name,69.74064273,138303.843,21869.23751,10681.92104
ENSG00000015285.9,6.59E-05,0,0,0,Ontology,name,1.158895231,155.3963771,386.7048253,690.8853758
ENSG00000252759.1,6.18E-05,0.000220957,0,0,Ontology,name,277.5220894,190.7132142,177.1731074,304.0165471
ENSG00000147113.15,5.21E-05,0,0,0,Ontology,name,259.0275482,162.3276808,243.6833675,253.4879949
ENSG00000007312.11,5.13E-05,0,4.98E-05,0,Ontology,name,939.3195819,9250.658126,1942.915909,3773.029766
ENSG00000088002.10,4.82E-05,1.72E-05,0,7.80E-05,Ontology,name,26.84390345,6603.677786,1942.08663,1879.859998
ENSG00000186517.12,4.25E-05,0,0.001925804,0,Ontology,name,319.3202633,331.5984403,288.8798831,534.8874055
ENSG00000048740.16,4.21E-05,0,0,0,Ontology,name,3346.56635,160289.0282,101618.812,69557.01495
ENSG00000052344.14,3.31E-05,1.30E-05,0,0,Ontology,name,259.5738988,3860.562497,1438.54821,714.0356527
ENSG00000143153.11,3.23E-05,0.000165946,0,0,Ontology,name,23.05873451,384.3208532,16547.99118,646.2794327
ENSG00000133110.13,3.17E-05,0.007790334,0,0,Ontology,name,3865.466832,3725.216485,1642.954803,2776.295723
ENSG00000116132.10,3.08E-05,0.001049377,0,0,Ontology,name,174.1603687,15643.87416,2060.644266,628.3738348
ENSG00000201785.1,3.04E-05,0,0,0,Ontology,name,2.302006126,1084.384589,1368.156515,289.8212818
ENSG00000264538.5,3.03E-05,0,0,0,Ontology,name,59.66026138,4774.660984,7227.555595,3865.423671
ENSG00000174628.15,2.61E-05,0,1.59E-06,4.06E-06,Ontology,name,170.6226755,4150.225786,4176.864877,2950.254574
ENSG00000205018.2,2.43E-05,0,0,0,Ontology,name,113.9747964,3.532388274,2615.79135,863.8270057
ENSG00000169851.14,2.42E-05,0,0,3.37E-05,Ontology,name,2.382444397,61.57630435,24.75467561,434.8199724
ENSG00000241461.3,2.20E-05,0,0,0,Ontology,name,284.3009204,1111.906549,137.486172,1634.933052
ENSG00000006747.13,2.01E-05,0,5.76E-05,0,Ontology,name,15.5309292,88.64751586,672.6326413,1822.842509
ENSG00000100065.13,1.65E-05,0,0,0,Ontology,name,24.08686995,21.6102677,142.0311617,96.10466336
ENSG00000197142.9,1.62E-05,0,0.00014456,0,Ontology,name,23.01053746,355.8061181,1682.653527,1139.733448
ENSG00000259359.1,1.60E-05,0,0.008164777,0,Ontology,name,3179.102142,280692.588,87260.30754,175537.6986
ENSG00000054793.12,1.46E-05,0,1.64E-05,0,Ontology,name,508.0395861,92698.52786,68552.33799,28367.46884
ENSG00000146950.11,1.23E-05,0,0,0,Ontology,name,11.41271012,17235.34838,5335.687099,629.1856646
ENSG00000263847.1,1.03E-05,0,0,0,Ontology,name,52.90484595,242.4813028,23.85851282,535.8603293
ENSG00000112379.8,9.38E-06,0,0,4.61E-06,Ontology,name,7.126352501,19795.78257,427.4508444,6785.577584
ENSG00000182667.13,9.34E-06,0,0,0,Ontology,name,56.8786874,6882.984848,1074.953564,3131.337864
ENSG00000150773.9,8.74E-06,0,0,0,Ontology,name,1153.635342,44556.69574,7783.100071,35606.96356
ENSG00000214491.7,7.89E-06,0.001325876,0.000493143,0,Ontology,name,123.2072114,5496.292318,10176.17656,12881.5826
ENSG00000235852.1,7.88E-06,0,0,0,Ontology,name,159.3470423,26117.09662,186.033707,4114.993769
ENSG00000157551.16,7.83E-06,0.002837547,0,0.000388488,Ontology,name,38.44371334,198.1645319,74.18684968,71.14102408
ENSG00000003400.13,7.47E-06,0.001233997,0,0,Ontology,name,630.7521536,2315.049283,10793.26729,2202.251014
ENSG00000164035.8,6.73E-06,1.10E-05,0,0,Ontology,name,4467.493107,579.5645659,587.9263289,749.4932226
ENSG00000116852.13,6.35E-06,0,0,0,Ontology,name,109.300916,818.4048092,787.1324721,470.0592963
ENSG00000269570.2,6.34E-06,0,0,0,Ontology,name,6.418263164,773.7078969,1464.595918,345.6647686
ENSG00000268509.2,6.20E-06,0,0,0,Ontology,name,471.1351283,12690.35369,16226.36536,9657.429747
ENSG00000163431.12,6.18E-06,1.29E-05,0,0,Ontology,name,118.0041634,10773.15986,2236.72842,9128.267274
ENSG00000206675.1,6.10E-06,0,0,0,Ontology,name,4.226170609,202.5833032,157.2380587,211.076792
ENSG00000105707.12,6.08E-06,0.000171792,0,0,Ontology,name,48.12430818,5508.962946,294.135953,19354.03578
ENSG00000134258.15,5.26E-06,0.006210526,0,4.86E-06,Ontology,name,3600.642378,2155.381237,3259.55135,2591.730438
ENSG00000157017.14,5.25E-06,0,0,0,Ontology,name,2201.755035,1943.203132,7102.185465,2036.770385
ENSG00000266236.1,4.77E-06,4.65E-06,0,0,Ontology,name,368.6187542,7628.59156,3528.011048,5948.836943
ENSG00000249007.1,4.22E-06,0,4.28E-05,0,Ontology,name,6.920985421,1574.586744,2684.299918,537.7976069
ENSG00000210196.2,4.20E-06,0,0,0,Ontology,name,8.020134238,24.10417537,18.22076188,654.4816441
ENSG00000213949.7,3.95E-06,0,0,0,Ontology,name,340.3046655,304.7537795,54.64895102,64.79713209
ENSG00000258317.1,2.99E-06,0,0,0,Ontology,name,17.74202497,3971.476498,26.11000434,31.08056564
ENSG00000211955.2,2.98E-06,0,5.04E-05,0,Ontology,name,306.080942,227.2018257,360.9333913,432.015641
ENSG00000129354.10,2.92E-06,2.71E-06,0,0,Ontology,name,3664.984406,6601.98895,12177.89753,5593.447719
ENSG00000215458.7,2.14E-06,0,0,1.02E-05,Ontology,name,403.6991637,7780.236065,7850.994234,8419.594727
ENSG00000116791.12,2.05E-06,0,0,0,Ontology,name,91.34145739,1874.420441,2573.376032,2046.134526
ENSG00000152763.15,1.99E-06,0,0,7.39E-06,Ontology,name,4989.53346,2725.14732,3433.547905,3221.795044
ENSG00000250536.1,1.97E-06,0,0,0,Ontology,name,19.25486258,183.4883821,99.96211219,9261.664348
ENSG00000175895.3,1.95E-06,0,0.00010042,0,Ontology,name,2.538588096,1.874964602,40.99942439,137.9781155
ENSG00000267898.1,1.89E-06,0,0,0,Ontology,name,88.11194533,7.338463717,5.224171479,7.538081938
ENSG00000275322.1,1.86E-06,0,0.001059288,0,Ontology,name,359.2626954,20404.55418,24377.87221,23999.91878
ENSG00000163347.5,1.85E-06,0,0,6.96E-07,Ontology,name,0.278240597,67.31415701,0.886548704,444.4209729
ENSG00000011201.9,1.72E-06,9.11E-05,0,0,Ontology,name,10.47045874,579.614631,15287.9611,157.7966726
ENSG00000211663.2,1.54E-06,0,0,0,Ontology,name,147.412545,354.0444609,31.69916286,214.0598369
ENSG00000236165.1,1.27E-06,0,0,0,Ontology,name,3.755911283,4.688135619,9849.418739,9.19221138
ENSG00000279019.1,1.13E-06,0,0,0,Ontology,name,1.055180147,1.050536062,2619.097885,3.577657416
ENSG00000137558.6,1.11E-06,5.98E-05,0,0,Ontology,name,0.068070105,16804.07569,87.92924394,6.06815257
ENSG00000184363.8,1.09E-06,0.003727537,0,0.000931603,Ontology,name,259.4654691,403.1914743,1582.105441,313.8215496
ENSG00000113361.11,1.08E-06,0.000181147,0.025131628,0,Ontology,name,1088.300582,822.8448625,5304.527758,2442.043912
ENSG00000222365.1,1.07E-06,0,0,0,Ontology,name,14654.11239,3036.465418,4302.339945,2131.127991
ENSG00000156802.11,1.03E-06,6.66E-07,0,0,Ontology,name,20.45677705,6496.995025,4907.186532,2091.741759
ENSG00000164107.8,9.66E-07,0.020125511,0,2.28E-05,Ontology,name,202.7259765,249.0762942,15198.8023,427.8000939
ENSG00000197557.6,9.55E-07,0,0,0,Ontology,name,1.822506786,7.358560103,36.98534562,992.7762436
ENSG00000159166.12,9.50E-07,0,2.85E-05,0.001547209,Ontology,name,5.987088988,41.6020073,1932.24075,827.0303985
ENSG00000103241.6,6.23E-07,0.001094836,0,0.007481774,Ontology,name,274.8199111,3751.322937,3507.858419,1918.873181
ENSG00000279059.1,5.42E-07,0,0,0,Ontology,name,79.41402427,2103.724141,5074.253445,1642.727037
ENSG00000197043.12,5.41E-07,0,0,0,Ontology,name,17.2135981,949.8594635,1217.986188,696.2790553
ENSG00000101213.6,5.29E-07,0.000300406,1.03E-05,0,Ontology,name,294.9318471,30.94845265,229.8365509,284.6858422
ENSG00000003436.13,5.25E-07,0,0,0,Ontology,name,8.209894261,22.49420634,4937.59243,142.9062717
ENSG00000073756.10,5.24E-07,0.00092067,0,0.000136066,Ontology,name,146.4707674,137.2674219,26.55493539,61.32151131
ENSG00000165929.11,5.15E-07,0,0,0,Ontology,name,3911.092318,2962.254681,3103.031436,2442.983091
ENSG00000116885.17,5.09E-07,0,0,0,Ontology,name,19.38830396,6408.79821,1768.719691,3238.669878
ENSG00000166821.7,5.08E-07,2.88E-05,0,0,Ontology,name,27.74629632,17530.30489,59.9090295,3250.16206
ENSG00000126861.4,5.06E-07,0.001234752,0,0,Ontology,name,54.22202478,2810.542223,16494.02987,4360.149085
ENSG00000147003.5,5.02E-07,0,0.007607579,0,Ontology,name,5163.421097,16883.20313,13471.95682,7474.922757
ENSG00000138778.10,5.00E-07,0,1.12E-05,0,Ontology,name,9.296594998,2156.066025,1311.442781,868.2370066
ENSG00000142973.11,4.89E-07,0.000132059,0.000242149,0.000611589,Ontology,name,1878.989827,16179.53567,40982.30934,16163.42085
ENSG00000264219.1,4.76E-07,0,0,0,Ontology,name,15.94888883,255.3729056,5342.264668,431.1811438
ENSG00000180660.7,4.74E-07,0,0,3.90E-05,Ontology,name,68.96392966,1264.333984,6965.902932,2872.188041
ENSG00000262766.1,4.69E-07,2.10E-05,8.73E-06,0,Ontology,name,40449.35213,9401.688747,10904.79525,7075.989116
ENSG00000066422.4,4.66E-07,0,0,0,Ontology,name,5.223844746,509.3956887,43.60961338,283.4310747
ENSG00000121797.9,4.44E-07,0,0,0,Ontology,name,290.0565448,15.3206087,25.39222278,89.05143231
ENSG00000142748.11,4.44E-07,0.001012226,0,0,Ontology,name,108.815915,71.39788768,2484.731108,51403.9529
ENSG00000116133.10,4.24E-07,0,0,8.62E-05,Ontology,name,24.48047561,1284.041864,684.9830924,1080.853776
ENSG00000264016.2,3.68E-07,0,0,0,Ontology,name,90.2024803,10026.79836,1788.855596,2778.73942
ENSG00000249459.7,2.69E-07,9.54E-05,0.000442301,0,Ontology,name,73.20019814,200.4756614,148.5762863,403.1230655
ENSG00000144619.13,1.42E-07,0,0,0,Ontology,name,5.181040946,1571.023413,205.8817486,565.8413231
ENSG00000134207.13,1.38E-07,0.000127348,0.001528227,2.89E-05,Ontology,name,461.8325656,610.3767971,763.5622989,1108.577745
ENSG00000267280.4,1.36E-07,0,0.000844978,1.68E-07,Ontology,name,36.11138895,6971.963966,743.7128748,5700.11225
ENSG00000008735.13,1.35E-07,0.000637268,0,0,Ontology,name,33.15224707,7804.07458,111.8340006,1537.821155
ENSG00000229415.8,1.35E-07,0.003948398,0,0.049613,Cellular Component,SFTA3,598.6004215,2210.686779,383.8375025,369.6968004
ENSG00000277011.1,1.34E-07,0,0.002098523,0,Ontology,name,4.344403684,356.8920333,10104.01965,516.4506831
ENSG00000164236.10,1.33E-07,0,0,0,Ontology,name,32.88281008,8.964699189,728.2921067,29.48368862
ENSG00000066405.11,1.33E-07,0,0,0.012311955,Ontology,name,221.2828636,71008.35221,8502.174013,16098.90098
ENSG00000053702.13,1.32E-07,0,0,0,Ontology,name,26.89068228,169.7914357,6535.708457,273.8933417
ENSG00000249042.4,1.31E-07,0.000642659,0,0,Ontology,name,98.75751159,281.2006723,26.3505206,375.9219452
ENSG00000271824.1,1.30E-07,0,0.000496667,0.000165944,Ontology,name,29.39734983,167.2632749,561.9509001,46.15583517
ENSG00000103145.9,1.29E-07,0,0,0,Ontology,name,4.329173672,44.59143112,168.9990508,19.24229765
ENSG00000131620.16,1.29E-07,0.00052224,0,0,Ontology,name,1.260769756,9738.305825,805.2656968,951.4375188
ENSG00000101132.8,1.29E-07,0,0,0,Ontology,name,0.550359403,39.31184653,243.0497686,99.92818965
ENSG00000079263.17,1.29E-07,0,5.48E-05,6.79E-06,Ontology,name,8.903767817,20.71708142,13.97914093,731.5546648
ENSG00000225190.7,1.27E-07,6.32E-06,0,0,Ontology,name,2.716311981,293.0890498,22.45613889,125.5414496
ENSG00000270681.1,1.27E-07,0,0,5.72E-05,Ontology,name,12984.57486,1530.057991,1712.610213,2462.567877
ENSG00000140839.10,1.25E-07,0.000234752,0.009625539,0,Ontology,name,11.66789674,4811.848993,3132.148482,654.9031269
ENSG00000145113.20,1.25E-07,0.000877561,0,0.009881108,Ontology,name,140.3509295,1996.083607,49.6846801,7661.470241
ENSG00000179593.14,1.25E-07,0,0,0.000850374,Ontology,name,38.36991345,718.481856,2995.203073,747.5391362
ENSG00000125246.14,1.24E-07,0,0.001284093,0,Ontology,name,377.7150796,919.4883395,2922.70303,696.0764973
ENSG00000157005.3,1.23E-07,0,0.002816686,0,Ontology,name,9.034734354,11.96906209,894.4195034,67.9294975
ENSG00000130513.6,1.23E-07,0,0,0,Ontology,name,0.762867119,1.095794985,7020.195616,31.13897761
ENSG00000078596.9,1.22E-07,0,0,0,Ontology,name,754.1834173,865.3833576,702.1729165,1058.608979
ENSG00000227373.4,1.21E-07,0,0,4.84E-06,Ontology,name,41.42349628,1326.301079,5058.844748,886.3261791
ENSG00000004866.17,1.21E-07,0,0.000210153,0,Ontology,name,1731.509708,2491.815077,1166.856041,1974.480425
ENSG00000206072.11,1.20E-07,0,0,0.005401477,Ontology,name,197.1673543,41.37167065,103.6430758,289.8940012
ENSG00000128242.11,1.20E-07,0.000222932,0.016093149,0,Ontology,name,31.86502191,11.88643341,24.73196678,5242.303822
ENSG00000163734.4,1.15E-07,1.27E-05,0,0,Ontology,name,98.81551121,216.5757589,166.3189193,2110.096567
ENSG00000129514.5,7.22E-08,0.00924597,0.001369478,0.002727205,Ontology,name,43.55993168,2661.625811,5446.093897,431.2498582
ENSG00000030304.11,0,0,0,0,Ontology,name,19.12023443,4195.003672,384.4135877,102.8189217
ENSG00000058866.13,0,0,0,0,Ontology,name,10.88202369,185.3867967,88.87560161,521.2305389
ENSG00000064270.11,0,0,0,0,Ontology,name,2224.821383,2790.557134,4203.347526,1341.499978
ENSG00000071282.10,0,0,0,0,Ontology,name,111.9476347,5453.1283,678.1786003,536.078504
ENSG00000072864.11,0,0,0,0,Ontology,name,8.75640442,507.7678935,564.5409837,8861.815886
ENSG00000079482.12,0,0,0,0,Ontology,name,56.93689717,7105.581506,7263.677222,7853.908578
ENSG00000081479.11,0,0,0,0,Ontology,name,210.8690384,16.16538518,14538.54737,76.95064545
ENSG00000086544.2,0,0,0,0,Ontology,name,49.06037359,1500.681141,77.71344611,1623.238386
ENSG00000099994.10,0,0,0,0,Ontology,name,7990.881886,6794.42602,5650.670396,4815.004069
ENSG00000101096.18,0,0,0,0,Ontology,name,43.06231501,34.69082972,20450.72075,36.75674714
ENSG00000101162.3,0,0,0,0,Ontology,name,90.07071078,9858.036857,311.6356499,1024.13489
ENSG00000103381.10,0,0,0,0,Ontology,name,15.19846999,48.74153009,503.6902029,542.7719344
ENSG00000105352.9,0,0,0,0,Ontology,name,1073.151717,1272.581859,943.5472811,877.7769993
ENSG00000106565.16,0,0,0,0,Ontology,name,1471.899961,12743.51894,529.1714683,3183.059135
ENSG00000106571.11,0,0,0,0,Ontology,name,8.370814269,52.43399248,24.36849313,103.2217765
ENSG00000108244.15,0,0,0,0,Ontology,name,38.70772927,13.81401504,1024.338225,15.14594347
ENSG00000108582.10,0,0,0,0,Ontology,name,484.9906647,1204.910389,5088.713484,3133.647884
ENSG00000111199.9,0,0,0,0,Ontology,name,275.6393715,1602.744745,1462.902017,1378.644423
ENSG00000111729.11,0,0,0,0,Ontology,name,2253.803973,75611.79195,5174.153656,5253.291982
ENSG00000111796.3,0,0,0,0,Ontology,name,44.42350396,835.5875379,158.2512604,466.6754615
ENSG00000112877.7,0,0,0,0,Ontology,name,5919.601377,72193.95219,92559.54702,45260.62604
ENSG00000116329.9,0,0,0,0,Ontology,name,66.80019077,1091.681278,3625.788166,4516.489135
ENSG00000117600.11,0,0,0,0,Ontology,name,8.325692865,142.0293779,3434.783666,77.47301762
ENSG00000122863.5,0,0,0,0,Ontology,name,8.283904575,89.61864742,793.448861,1782.185923
ENSG00000123636.16,0,0,0,0,Ontology,name,99.46275843,13467.14392,12007.32718,9871.522356
ENSG00000125354.21,0,0,0,0,Ontology,name,1.582929818,1754.494698,153.9334781,6766.594235
ENSG00000126217.19,0,0,0,0,Ontology,name,6.073799806,87.54248296,799.3369755,54.17997445
ENSG00000126603.7,0,0,0,0,Ontology,name,58.68181245,5892.504187,3713.345587,5551.215703
ENSG00000128951.12,0,0,0,0,Ontology,name,904.8342292,13265.95157,60076.99566,24358.2366
ENSG00000129521.12,0,0,0,0,Ontology,name,33.4333487,5061.119433,182.9764561,4181.455934
ENSG00000131650.12,0,0,0,0,Ontology,name,143.5247611,11545.95004,69600.45543,4693.344011
ENSG00000132357.12,0,0,0,0,Ontology,name,48.26849705,370.4856936,78.82779692,149.8868883
ENSG00000134042.11,0,0,0,0,Ontology,name,1354.128218,7135.474776,6472.519497,4672.067612
ENSG00000136014.10,0,0,0,0,Ontology,name,740.5759908,7653.689312,981.2275143,1154.466391
ENSG00000137449.14,0,0,0,0,Ontology,name,3.393616673,598.6581452,671.5701054,356.5490379
ENSG00000137776.15,0,0,0,0,Ontology,name,5.945976076,15.54713105,12195.09067,7.564502203
ENSG00000140835.9,0,0,0,0,Ontology,name,41.09353373,471.3592973,775.980228,441.8550919
ENSG00000144460.11,0,0,0,0,Ontology,name,31.83041059,6.599058555,12.82553924,63.99039075
ENSG00000144824.18,0,0,0,0,Ontology,name,83.18996855,564.1671646,879.7704806,229.6447495
ENSG00000145824.11,0,0,0,0,Ontology,name,12.29488399,2268.401393,3546.413629,545.9204185
ENSG00000147257.12,0,0,0,0,Ontology,name,254.0377032,2378.627786,6765.189899,3738.055894
ENSG00000147647.11,0,0,0,0,Ontology,name,291.064949,196.8672152,267.2292491,6044.926438
ENSG00000148541.11,0,0,0,0,Ontology,name,38.63722753,21137.14244,21573.55467,7775.742084
ENSG00000149090.10,0,0,0,0,Ontology,name,1.104523459,1.945834661,1894.597198,3.626330396
ENSG00000149243.14,0,0,0,0,Ontology,name,50.03373684,5001.088952,13977.43205,15704.80423
ENSG00000149305.5,0,0,0,0,Ontology,name,230.5637893,9158.658074,75116.50009,23551.2799
ENSG00000150526.10,0,0,0,0,Ontology,name,14.6400625,1277.982272,1178.993286,1267.062598
ENSG00000151276.22,0,0,0,0,Ontology,name,18.14001031,370.1673509,1338.503045,564.155216
ENSG00000152952.10,0,0,0,0,Ontology,name,15.51193055,87.02666984,7841.135567,204.0688962
ENSG00000154310.15,0,0,0,0,Ontology,name,28.99277003,1513.93694,2321.247562,792.8258744
ENSG00000154473.16,0,0,0,0,Ontology,name,41.18744568,2302.98259,6344.263055,4915.026142
ENSG00000157335.18,0,0,0,0,Ontology,name,278.6667355,77.81632131,927.3684671,52.92664758
ENSG00000157510.12,0,0,0,0,Ontology,name,6.568625359,12.23718024,3560.296714,34.50178862
ENSG00000158636.15,0,0,0,0,Ontology,name,32.95421799,4.359335546,95.18931892,139.7437486
ENSG00000160218.11,0,0,0,0,Ontology,name,12.06213695,240.8149449,38.0913,709.874813
ENSG00000162882.13,0,0,0,0,Ontology,name,142.6339923,8197.879626,8121.360064,4740.71145
ENSG00000162994.14,0,0,0,0,Ontology,name,1452.186015,3458.326885,5474.272611,4573.771444
ENSG00000163739.4,0,0,0,0,Ontology,name,5.647798449,186.4746059,435.3549534,227.0209484
ENSG00000164363.9,0,0,0,0,Ontology,name,55.76364316,2479.512338,68.94792327,942.2342068
ENSG00000164458.8,0,0,0,0,Ontology,name,1261.521872,2481.500263,1240.72168,1342.207421
ENSG00000164902.12,0,0,0,0,Ontology,name,2.367026095,41.94551969,2.546779467,11926.43812
ENSG00000165138.15,0,0,0,0,Ontology,name,2.429016518,482.6479074,70.18326335,608.1193217
ENSG00000165868.11,0,0,0,0,Ontology,name,3.549394843,717.4298186,697.5789491,525.0660472
ENSG00000166183.14,0,0,0,0,Ontology,name,1005.220023,14725.0665,6775.685735,11763.30147
ENSG00000166444.16,0,0,0,0,Ontology,name,5.711803761,151.7036048,4866.170445,1.427265125
ENSG00000167981.5,0,0,0,0,Ontology,name,73.95349515,451.0075145,68.11072446,233.9932817
ENSG00000168066.19,0,0,0,0,Ontology,name,1.675665723,0.572580457,10.63429306,9.187700514
ENSG00000168067.10,0,0,0,0,Ontology,name,0.933672509,1.606882596,6.284878907,637.0349301
ENSG00000170561.11,0,0,0,0,Ontology,name,0.810932493,1.603119395,92.16493462,12.35200433
ENSG00000171049.8,0,0,0,0,Ontology,name,4.246027297,29.56646578,54.82580266,22.92123443
ENSG00000172367.14,0,0,0,0,Ontology,name,55.52771442,1103.527183,84.18212467,36.74534435
ENSG00000173267.12,0,0,0,0,Ontology,name,21.59307038,144.3034968,220.4338278,112.5172299
ENSG00000173826.13,0,0,0,0,Ontology,name,99.201,2887.046553,3370.074879,1738.645996
ENSG00000174358.14,0,0,0,0,Ontology,name,1232.797824,1713.297812,1952.481102,1428.372102
ENSG00000175426.9,0,0,0,0,Ontology,name,8.192113455,1290.357838,181.5382616,4.422876725
ENSG00000185630.17,0,0,0,0,Ontology,name,236.1072394,848.1979777,1218.207564,538.8576821
ENSG00000186715.9,0,0,0,0,Ontology,name,168.3420589,19351.61069,24791.67278,14458.88913
ENSG00000187013.4,0,0,0,0,Ontology,name,81.78490915,468.8457584,640.3569069,351.9341788
ENSG00000188783.5,0,0,0,0,Ontology,name,292.5765822,58.56321003,101.5395903,1432.34266
ENSG00000188906.12,0,0,0,0,Ontology,name,340.8521447,5069.935939,13130.69092,6719.26941
ENSG00000197375.11,0,0,0,0,Ontology,name,160.3873545,4488.896071,9345.054327,4145.794489
ENSG00000204442.3,0,0,0,0,Ontology,name,189.9147719,8994.938688,10877.90129,4728.025298
ENSG00000205929.8,0,0,0,0,Ontology,name,519.4668042,1707.03902,2191.329943,1547.784901
ENSG00000206561.11,0,0,0,0,Ontology,name,5236.815068,9165.416468,4519.01749,4771.517087
ENSG00000207997.1,0,0,0,0,Ontology,name,3264.909003,5476.206902,1612.212355,3153.767816
ENSG00000212242.1,0,0,0,0,Ontology,name,1.299147926,6.389564602,2409.762778,358.9716337
ENSG00000213024.9,0,0,0,0,Ontology,name,208.4113104,52.72252537,102.4212579,55.1240591
ENSG00000214207.2,0,0,0,0,Ontology,name,4.907489453,1.614717404,409.3388545,1.868592364
ENSG00000219992.2,0,0,0,0,Ontology,name,87.84101144,829.6968749,1948.282574,990.4870874
ENSG00000221986.5,0,0,0,0,Ontology,name,534.9639134,176.2189531,10854.40231,3147.032965
ENSG00000222019.6,0,0,0,0,Ontology,name,8183.786087,3733.160946,8077.648913,11655.15432
ENSG00000222800.1,0,0,0,0,Ontology,name,16.56658286,2999.586428,8461.573152,70482.90482
ENSG00000226054.2,0,0,0,0,Ontology,name,1676.081078,2104.317728,1532.017043,1387.26039
ENSG00000226780.1,0,0,0,0,Ontology,name,14.96391997,4047.715345,1507.943901,9851.052747
ENSG00000228689.6,0,0,0,0,Ontology,name,25.07465386,5488.119488,8092.304859,2249.791351
ENSG00000230258.5,0,0,0,0,Ontology,name,27.67031613,5436.204464,1317.962706,4572.468048
ENSG00000231013.1,0,0,0,0,Ontology,name,170.9116507,615.3702346,1882.538966,761.2216632
ENSG00000231265.1,0,0,0,0,Ontology,name,3985.786837,1866.181768,1623.814504,1716.543672
ENSG00000231743.1,0,0,0,0,Ontology,name,233.6505424,4390.941071,4171.458719,158.6508064
ENSG00000237576.1,0,0,0,0,Ontology,name,1531.402056,64756.70615,2847.862511,3553.092264
ENSG00000240024.4,0,0,0,0,Ontology,name,0.444014773,4182.299815,2.089331745,0.234254846
ENSG00000240758.2,0,0,0,0,Ontology,name,50.36069341,196.4536188,31.74418472,927.5564505
ENSG00000242659.1,0,0,0,0,Ontology,name,3784.11236,387.294131,535.2569207,687.8506389
ENSG00000243663.1,0,0,0,0,Ontology,name,85.71329062,5063.723654,46.73122551,329.8113197
ENSG00000245694.7,0,0,0,0,Ontology,name,10.31612478,1135.635344,3697.380636,667.7657761
ENSG00000249138.1,0,0,0,0,Ontology,name,47.37800834,3929.037549,3081.879913,3750.165939
ENSG00000249174.1,0,0,0,0,Ontology,name,40.67930174,1484.112212,537.7355101,3058.652875
ENSG00000249751.3,0,0,0,0,Ontology,name,24.50047476,4568.229479,7879.141921,1782.575922
ENSG00000250579.1,0,0,0,0,Ontology,name,8.551498371,2.876565118,14.09558052,115.3461182
ENSG00000251615.3,0,0,0,0,Ontology,name,35.06111675,2105.777381,3584.117591,947.3464077
ENSG00000251685.3,0,0,0,0,Ontology,name,11.82448154,369.8860657,248.3018081,185.0022149
ENSG00000253764.1,0,0,0,0,Ontology,name,283.1047902,380.4800567,1908.131734,283.7589504
ENSG00000253893.2,0,0,0,0,Ontology,name,58.29734672,1354.598978,2869.207633,2643.253086
ENSG00000254554.1,0,0,0,0,Ontology,name,167.3429978,3396.888472,1347.871619,24.7861489
ENSG00000257467.4,0,0,0,0,Ontology,name,224.1788662,246.4757026,276.3971487,248.7851638
ENSG00000257542.4,0,0,0,0,Ontology,name,7.959667546,5.075010841,2.061733567,155.7498511
ENSG00000258658.1,0,0,0,0,Ontology,name,24.748005,2236.022467,5521.83492,17756.62515
ENSG00000258963.1,0,0,0,0,Ontology,name,2.627707406,739.92246,1026.45801,152.1992518
ENSG00000263432.2,0,0,0,0,Ontology,name,18.6385539,2099.030072,1401.336488,1161.208926
ENSG00000264391.2,0,0,0,0,Ontology,name,1.91466456,0.865472788,1643.436798,21.86223385
ENSG00000264589.1,0,0,0,0,Ontology,name,57.03707313,3422.904461,2236.87153,2233.042799
ENSG00000265479.4,0,0,0,0,Ontology,name,65.76113932,1211.11585,3982.524459,1458.78958
ENSG00000269119.1,0,0,0,0,Ontology,name,363.1793466,36.56689484,66.12787645,449.5242093
ENSG00000269228.1,0,0,0,0,Ontology,name,313.2702919,156.4593695,637.6848001,2569.307439
ENSG00000269929.1,0,0,0,0,Ontology,name,82.5684323,2.000080605,26.12444345,30.2163862
ENSG00000269937.1,0,0,0,0,Ontology,name,26.18480938,1257.089122,3569.376807,994.4145093
ENSG00000272589.1,0,0,0,0,Ontology,name,551.9674094,1487.883406,4821.768075,1228.176371
ENSG00000274475.1,0,0,0,0,Ontology,name,54.62547484,1267.447277,170.1887135,1805.635752
ENSG00000274978.1,0,0,0,0,Ontology,name,5.970505351,109.3771097,251.4915341,16.60765558
ENSG00000275807.1,0,0,0,0,Ontology,name,1369.378499,361.0091984,3740.804773,540.6232502
ENSG00000277498.1,0,0,0,0,Ontology,name,7.683704692,37.03426475,33.143685,12205.67464
ENSG00000279685.2,0,0,0,0,Ontology,name,15.91495487,2636.616232,2660.340835,1452.614345
ENSG00000279979.1,0,0,0,0,Ontology,name,0.541728499,0.11513149,1249.329633,0.175663803
ENSG00000259426.4,0,7.18E-07,0,0,Ontology,name,3.308094533,0.167838127,469.903876,2.294252056
ENSG00000183248.10,0,7.67E-07,0,0,Ontology,name,3.402869019,3.837274263,2.750766924,77.3608268
ENSG00000172478.16,0,1.67E-06,0,0,Ontology,name,1.750242148,3.514330973,7.305208409,40.34680565
ENSG00000169429.9,0,1.84E-06,0,0,Ontology,name,50.46060186,9.067125737,21.77839096,155.5083834
ENSG00000128886.10,0,1.88E-06,0,0,Ontology,name,5.761690423,264.1547795,355.4295438,185.972444
ENSG00000114812.11,0,2.15E-06,0,0,Ontology,name,6.891227181,15.1513708,61.0815794,122.5900896
ENSG00000259863.1,0,2.33E-06,0,0,Ontology,name,0.1973791,37.12074853,252.2090853,0.354343979
ENSG00000109063.13,0,2.87E-06,0,0,Ontology,name,1113.873013,2723.530517,2420.695645,1564.028076
ENSG00000199477.1,0,2.96E-06,0,0,Ontology,name,403.5923238,5313.658526,6483.376661,2357.900421
ENSG00000151611.12,0,3.74E-06,0,0,Ontology,name,1332.773912,698.534129,2048.270983,1757.933319
ENSG00000272501.1,0,6.13E-06,0,0,Ontology,name,3848.021866,4192.782081,7466.511367,21061.83903
ENSG00000100485.10,0,7.04E-06,0,0,Ontology,name,628.5579928,1367.808939,8482.800599,1255.636302
ENSG00000257924.1,0,8.56E-06,0,0,Ontology,name,26.72303893,8.333853835,1708.986174,160.1371449
ENSG00000173575.17,0,1.40E-05,0,0,Ontology,name,17.72704327,882.2511763,2390.062941,345.7179011
ENSG00000118263.13,0,1.57E-05,0,0,Ontology,name,527.1810878,9281.707275,1420.349644,5248.161034
ENSG00000065060.15,0,1.66E-05,0,0,Ontology,name,58.37613137,15480.06543,10456.53231,4901.52924
ENSG00000142627.12,0,2.50E-05,0,0,Ontology,name,81.80164684,32.62852345,2217.728742,55.57486373
ENSG00000132031.11,0,2.53E-05,0,0,Ontology,name,6.200622838,38.83952485,638.8785727,226.9215095
ENSG00000227155.6,0,2.62E-05,0,0,Ontology,name,348.7002984,3323.82094,2908.889974,3846.663934
ENSG00000055163.17,0,3.04E-05,0,0,Ontology,name,856.8316513,1133.414132,1035.825548,983.3282652
ENSG00000231871.4,0,3.73E-05,0,0,Ontology,name,87.39243098,1983.251247,865.3993786,513.3867849
ENSG00000129625.11,0,3.86E-05,0,0,Ontology,name,114.0158655,262.981135,1188.233335,199.2516822
ENSG00000178458.5,0,4.16E-05,0,0,Ontology,name,0.985943117,218.9362786,6.235540294,1042.996797
ENSG00000080573.6,0,4.49E-05,0,0,Ontology,name,28.29984637,76.67878282,276.302896,668.7465695
ENSG00000125398.5,0,4.85E-05,0,0,Ontology,name,4.637745328,474.9160685,240.3919797,334.4548139
ENSG00000214100.7,0,7.84E-05,0,0,Ontology,name,38.68498782,2549.264197,4571.727936,1318.918042
ENSG00000161634.10,0,0.000103493,0,0,Ontology,name,1873.811723,3233.696044,12571.04765,2370.596605
ENSG00000242640.1,0,0.000105877,0,0,Ontology,name,29.86413963,2102.035402,966.8297488,2845.315696
ENSG00000198959.10,0,0.000131647,0,0,Ontology,name,296.593788,538.5806106,389.4319946,417.7218219
ENSG00000101955.13,0,0.000140269,0,0,Ontology,name,24906.11769,13445.9322,12389.44223,11248.45123
ENSG00000255774.1,0,0.000144979,0,0,Ontology,name,3016.381279,1488.57694,1111.999192,1696.950354
ENSG00000132749.9,0,0.000154554,0,0,Ontology,name,14.07261508,848.4318689,2800.298816,122.9600178
ENSG00000140950.14,0,0.000158615,0,0,Ontology,name,2.116655293,4.75773267,8.363647933,162343.5321
ENSG00000223914.1,0,0.00018955,0,0,Ontology,name,3520.777424,5770.97808,2335.420378,1153.530247
ENSG00000248319.1,0,0.000215003,0,0,Ontology,name,62.03701532,319.6640279,290.7526626,65.67375749
ENSG00000113296.13,0,0.000216304,0,0,Ontology,name,11.86365867,85.96907441,24.24449166,1468.028376
ENSG00000267480.1,0,0.000222743,0,0,Ontology,name,22393.05362,386.1090024,677.8266041,5409.477257
ENSG00000250344.1,0,0.000265459,0,0,Ontology,name,176.6485344,15010.03757,6923.446186,9610.229838
ENSG00000164078.11,0,0.000329099,0,0,Ontology,name,7241.580639,64188.89937,6201.62311,19704.17225
ENSG00000183888.4,0,0.000351423,0,0,Ontology,name,86.35386185,1461.186122,968.2778226,1934.636048
ENSG00000276517.1,0,0.000355481,0,0,Ontology,name,1.183794533,28.76730295,170.1215486,26.98804075
ENSG00000225472.1,0,0.00037222,0,0,Ontology,name,19.10054188,85.90912979,3454.111508,31.81569934
ENSG00000238160.1,0,0.000465699,0,0,Ontology,name,301.2246071,73018.83782,32499.60906,48140.45854
ENSG00000235049.1,0,0.000688941,0,0,Ontology,name,5.890221404,308.4830193,183.5789927,342.2378864
ENSG00000257135.4,0,0.000703552,0,0,Ontology,name,641.365926,743.4245546,7035.984255,513.308532
ENSG00000125257.12,0,0.0007108,0,0,Ontology,name,209.2124391,2987.199245,375.1323041,1585.90559
ENSG00000148908.13,0,0.000737251,0,0,Ontology,name,6.232324002,1090.900401,10.15569566,2567.439043
ENSG00000233028.1,0,0.000844784,0,0,Ontology,name,434.8958073,28.8839941,60.24812011,343.7813296
ENSG00000124343.11,0,0.000954229,0,0,Ontology,name,41.44504153,477.9376747,2670.582301,871.6566073
ENSG00000132855.4,0,0.001303715,0,0,Ontology,name,34.40296914,90190.81688,13887.70897,56088.09328
ENSG00000223808.1,0,0.001444496,0,0,Ontology,name,6.196569639,346.0584645,619.5561512,418.500974
ENSG00000163283.6,0,0.002580618,0,0,Ontology,name,9.199363629,957.6955589,3418.060989,12007.94237
ENSG00000143450.13,0,0.002703916,0,0,Ontology,name,21.05546906,673.6093592,3024.656984,8631.793704
ENSG00000186847.5,0,0.003018912,0,0,Ontology,name,22.08568728,15.07158746,97.34038865,1871.325359
ENSG00000249917.2,0,0.003946698,0,0,Ontology,name,798.2264,1933.215319,28857.48738,1181.39138
ENSG00000110171.17,0,0.004808953,0,0,Ontology,name,19.03384118,5.730065782,599.6205919,17.35803869
ENSG00000189058.7,0,0.005785787,0,0,Ontology,name,95.6654829,7751.165437,10078.74937,6535.684726
ENSG00000099725.13,0,0.006798979,0,0,Ontology,name,8.708394843,1011.071983,212.1090214,841.3739868
ENSG00000186910.3,0,0.007440339,0,0,Ontology,name,8383.785203,604.8149112,637.476921,1263.140482
ENSG00000197308.7,0,0.007490983,0,0,Ontology,name,1444.992057,2422.480133,10750.35884,2715.76155
ENSG00000197594.10,0,0.008181341,0,0,Ontology,name,6.240108298,1622.436455,1199.695832,1149.102118
ENSG00000261672.1,0,0.009538986,0,0,Ontology,name,487.0191321,3186.466372,4397.374719,3068.073078
ENSG00000113494.15,0,0.011037101,0,0,Ontology,name,13439.89374,6557.072637,6303.557762,6632.692828
ENSG00000121270.14,0,0.012415233,0,0,Ontology,name,8.941312757,34.05758038,274.3226847,51.0888663
ENSG00000138615.5,0,0.012549692,0,0,Ontology,name,42.14695673,2093.481973,2301.854639,1778.219117
ENSG00000240800.1,0,0.018640166,0,0,Ontology,name,45.21639977,1.231301622,4557.355969,5.615221219
ENSG00000224559.2,0,0.019944768,0,0,Ontology,name,41.32586196,82.65282035,481.9403921,1999.585576
ENSG00000244468.1,0,0.020197321,0,0,Ontology,name,64.09066576,936.7043207,989.3753643,334.8731247
ENSG00000178372.7,0,0.023985689,0,0,Ontology,name,167.5987887,4060.238238,9003.400192,1993.203779
ENSG00000091831.20,0,0.027442128,0,0,Biological Process,ESR1,47.79415925,1271.557058,6374.411682,29.96023238
ENSG00000252621.1,0,0.037786883,0,0,Uncharacterised,AL157387,12.27753684,3052.037922,161.8324254,1446.897568
ENSG00000136944.16,0,0.03805847,0,0,Molecular Function,LMX1B,3.801614192,661.3072807,2326.688999,174.3353211
ENSG00000141424.11,0,0.043568738,0,0,Molecular Function,SLC39A6,2760.410556,5760.433092,1576.655716,1886.085093
ENSG00000104447.10,0,0.068937241,0,0,Molecular Function,TRPS1,8.658573672,257.2588703,17.79376069,22.47594728
ENSG00000005073.5,0,0,1.88E-07,0,Ontology,name,1309.242744,429.5876478,5461.045811,574.6356744
ENSG00000260009.1,0,0.00024934,1.94E-07,0,Ontology,name,1242.984171,707.7757156,1204.269043,4071.11485
ENSG00000260228.4,0,0.000408081,2.01E-07,0,Ontology,name,22.72592551,2485.411471,2267.594201,2075.747961
ENSG00000180263.12,0,0,2.11E-07,0,Ontology,name,6.463049089,4744.849009,4299.503114,11337.20363
ENSG00000106333.11,0,0,6.99E-07,0,Ontology,name,401.6001662,150.9630875,1069.354403,111.1674334
ENSG00000159167.10,0,0,7.07E-07,0,Ontology,name,0.627980535,4591.86816,75.65442579,877.8347611
ENSG00000169710.6,0,0.004000919,7.14E-07,0,Ontology,name,5.385125397,1091.602522,2481.803858,359.9133562
ENSG00000134443.8,0,0,7.26E-07,0,Ontology,name,92.48536898,49.92687198,21.8755096,13.31307122
ENSG00000110076.17,0,0,7.77E-07,0,Ontology,name,0.754807794,225.7882357,44.83482137,287.9449206
ENSG00000147573.15,0,0,2.69E-06,0,Ontology,name,0.480822955,22.14293201,3.504020953,44.60951806
ENSG00000115363.12,0,0,1.27E-05,0,Ontology,name,499.2105393,3958.993446,432.4035338,646.9407176
ENSG00000178935.5,0,0.006364539,1.72E-05,0,Ontology,name,350.6014491,166.037635,2058.755174,221.5230525
ENSG00000211625.2,0,0,2.23E-05,0,Ontology,name,52.72190271,3621.102373,247.993921,2618.028232
ENSG00000132840.8,0,0,2.28E-05,0,Ontology,name,1.115188755,8.829307375,3.411378697,437.2382106
ENSG00000171303.6,0,0,2.34E-05,0,Ontology,name,23.60243862,841.6997308,1725.154186,1187.201827
ENSG00000163638.12,0,4.63E-06,2.36E-05,0,Ontology,name,1006.504278,2419.861929,2252.692952,3059.78774
ENSG00000124103.8,0,0,2.94E-05,0,Ontology,name,62.99379093,116.5689171,124.7997741,16.02666454
ENSG00000279417.1,0,0,3.35E-05,0,Ontology,name,0.619203141,6.435285472,1571.254136,23.53976013
ENSG00000125872.7,0,5.40E-07,3.63E-05,0,Ontology,name,1344.416459,130.6140757,330.5883616,346.6833438
ENSG00000212283.1,0,0,3.87E-05,0,Ontology,name,23.98592718,172.0225538,887.9382924,143.8912485
ENSG00000164904.14,0,0,4.01E-05,0,Ontology,name,0.598849593,2.357320428,69.96609587,419.2234954
ENSG00000105376.4,0,0.000377821,4.40E-05,0,Ontology,name,38.97692361,717.2314701,25.66200995,2.033991924
ENSG00000255587.6,0,5.89E-05,4.57E-05,0,Ontology,name,8.030826599,392.4651928,1323.313457,957.5922763
ENSG00000041353.8,0,0,4.65E-05,0,Ontology,name,11.78151725,2290.917482,4204.064608,348.1316838
ENSG00000238102.1,0,0,5.30E-05,0,Ontology,name,3.34082974,6572.010647,34.61910063,7.316559104
ENSG00000078053.15,0,0,5.36E-05,0,Ontology,name,968.3221858,2466.441085,791.6315069,600.1914518
ENSG00000183798.4,0,0,5.49E-05,0,Ontology,name,18.48717615,1008.445931,679.5811915,1145.807153
ENSG00000225064.1,0,0,6.19E-05,0,Ontology,name,85.93016382,6898.171989,3515.224134,4763.611963
ENSG00000177990.10,0,0,6.40E-05,0,Ontology,name,3.622864831,137.4093117,526.5074184,99.95799978
ENSG00000113368.10,0,0,7.05E-05,0,Ontology,name,82.77954618,2142.895955,1547.920432,745.3441175
ENSG00000232456.1,0,0,7.59E-05,0,Ontology,name,21.81694176,207.2058818,1916.856785,64.07708201
ENSG00000167157.10,0,0.00143551,8.25E-05,0,Ontology,name,1.940335401,4.331927434,11229.76082,1.789753671
ENSG00000151353.13,0,0,9.22E-05,0,Ontology,name,13.26038569,117.6071524,342.4035067,175.1331631
ENSG00000105048.15,0,0,9.38E-05,0,Ontology,name,1561.799273,15.3173913,1005.446431,884.4053928
ENSG00000176595.3,0,0,0.000107399,0,Ontology,name,1.226803024,1298.912462,31.66145459,15.51493135
ENSG00000124253.10,0,0,0.00011168,0,Ontology,name,7.06610663,1260.993971,2499.915802,4758.806941
ENSG00000225649.4,0,0,0.000115697,0,Ontology,name,39.04715518,4173.329562,353.9215296,5202.754934
ENSG00000115194.9,0,0.000443874,0.000131074,0,Ontology,name,61.4874874,234.0031257,5.305924036,24.35332746
ENSG00000162989.4,0,0,0.000141686,0,Ontology,name,104.3059825,550.9678907,572.253338,110.1890142
ENSG00000047648.20,0,0,0.000185999,0,Ontology,name,4.479878441,86.56331984,11.77405284,220623.4984
ENSG00000271155.1,0,0.000423037,0.000189622,0,Ontology,name,756.3992351,21627.3946,6760.639796,4148.002514
ENSG00000150628.5,0,0,0.000192245,0,Ontology,name,10398.97566,1162.765011,1037.519459,1461.029462
ENSG00000253552.6,0,0.001018563,0.000208688,0,Ontology,name,9373.962605,1891.04476,1523.342546,2337.334525
ENSG00000273001.1,0,0,0.000217356,0,Ontology,name,67.97987216,40.2885691,636.7072602,332.1558296
ENSG00000119938.8,0,6.34E-07,0.000227109,0,Ontology,name,210.5860049,12856.36285,32.51566973,23386.17156
ENSG00000105429.11,0,0,0.000229794,0,Ontology,name,1.970641954,875.994939,3.254806237,23.32307452
ENSG00000105419.16,0,0,0.000239433,0,Ontology,name,3.041130438,25.06326763,49.47877183,46.41265044
ENSG00000274719.1,0,0,0.000278478,0,Ontology,name,1.295833307,1.708039971,2.184913665,56.07872797
ENSG00000278921.2,0,0,0.000283304,0,Ontology,name,620.2268058,29179.07712,52712.70025,23540.64205
ENSG00000255746.1,0,0.00045783,0.000284958,0,Ontology,name,31.13955242,395.1683251,30.27227863,10168.65719
ENSG00000188026.10,0,1.70E-06,0.000287036,0,Ontology,name,116.8683533,579.3509156,895.3447661,552.5329995
ENSG00000243232.4,0,0,0.000339046,0,Ontology,name,4.807495153,25.16819934,3.19113658,374.7226155
ENSG00000122203.13,0,1.37E-06,0.000381806,0,Ontology,name,4.450734354,45.48650214,1456.108884,88.96374699
ENSG00000276261.1,0,0,0.000388475,0,Ontology,name,16.5832316,4533.86278,2343.573407,4415.666643
ENSG00000141527.15,0,0.004550766,0.000398619,0,Ontology,name,2828.260262,909.8088903,11538.63594,9214.762607
ENSG00000139629.14,0,2.36E-06,0.000410654,0,Ontology,name,52.35463086,35322.69585,672.8500905,2313.774109
ENSG00000262198.1,0,0,0.000426502,0,Ontology,name,29.62646359,16069.91917,11877.24558,17463.47284
ENSG00000118762.6,0,0,0.000432067,0,Ontology,name,15.69436557,12411.02593,451.0147191,10023.39338
ENSG00000184012.10,0,0,0.000489902,0,Ontology,name,8.819202443,1608.211486,17.69167989,8524.182791
ENSG00000037965.5,0,0,0.000524611,0,Ontology,name,1.019274758,9.262224263,44.85080862,4592.857418
ENSG00000205363.5,0,0,0.000555046,0,Ontology,name,258.8359054,4664.995557,1889.238434,23950.23719
ENSG00000277268.1,0,0,0.000577666,0,Ontology,name,10012.75182,18508.64,9867.947423,6524.448412
ENSG00000230945.1,0,0,0.000581395,0,Ontology,name,172.6221789,6254.69091,5592.800248,5111.845457
ENSG00000132746.13,0,0.009090946,0.000591949,0,Ontology,name,2133.2823,1618.704781,1567.807628,6027.464166
ENSG00000134897.12,0,0,0.00059438,0,Ontology,name,4.1512905,602.7830557,85.29613301,4.482086417
ENSG00000135801.8,0,0,0.000619358,0,Ontology,name,807.8878328,2197.860203,5655.689124,830.996567
ENSG00000163581.12,0,1.24E-05,0.000658549,0,Ontology,name,201.1225176,1381.95278,1278.306913,817.1635609
ENSG00000254369.5,0,0.001051185,0.000661136,0,Ontology,name,88.63041152,5859.479419,1269.102267,353.4741005
ENSG00000278058.1,0,0,0.000730447,0,Ontology,name,38.35635103,6731.299506,5195.487796,4000.140391
ENSG00000259664.2,0,0,0.000779651,0,Ontology,name,2.246730206,2.205303835,1.547195095,526.0030366
ENSG00000160191.16,0,0,0.000854062,0,Ontology,name,535.4739223,1373.083362,474.1318739,16596.43683
ENSG00000272644.1,0,0,0.00086304,0,Ontology,name,13.18767107,33.94712913,6350.791847,27.01389978
ENSG00000148735.13,0,5.93E-05,0.000878863,0,Ontology,name,445.1448463,5485.824049,21452.38866,24110.38861
ENSG00000174804.3,0,4.48E-06,0.000937289,0,Ontology,name,58.37288364,15.76837861,20.38939376,21.51661138
ENSG00000253888.1,0,0,0.001014802,0,Ontology,name,0.234035207,17.95972699,75.79051261,0.068386564
ENSG00000243083.4,0,0,0.001031075,0,Ontology,name,48.78239259,3.857810767,4.589945971,6.154755213
ENSG00000173548.8,0,0,0.001061175,0,Ontology,name,23.31676157,504.6471524,375.0649093,316.0040876
ENSG00000251284.2,0,0,0.001112444,0,Ontology,name,0.893992284,67.56809735,2.192283252,325.671209
ENSG00000269486.2,0,0,0.001199043,0,Ontology,name,0.446211206,4.21109351,8.967514226,5.257525404
ENSG00000184709.7,0,0,0.001208808,0,Ontology,name,4.03123924,284.3973782,186.3268584,144.5354261
ENSG00000241158.4,0,0,0.001378131,0,Ontology,name,9.164963435,26.21969565,0.942438612,2474.517874
ENSG00000116299.15,0,0.017807971,0.001546595,0,Ontology,name,748.9586907,23441.54862,16454.48329,20335.54309
ENSG00000083307.9,0,0.001293208,0.002184933,0,Ontology,name,5.490615975,3670.571004,113.9165868,123.8081206
ENSG00000237187.7,0,0,0.002266626,0,Ontology,name,96.83497325,9.74754056,4.458024107,5.207906388
ENSG00000077063.9,0,2.70E-05,0.002566706,0,Ontology,name,5.218129236,336.6344855,1370.969836,266.5450112
ENSG00000277135.1,0,0,0.002925043,0,Ontology,name,353.2880478,1991.122491,29.56367898,77985.61923
ENSG00000170558.7,0,0,0.003526238,0,Ontology,name,55.8403765,9.155417035,516.8379626,20.5744033
ENSG00000143028.8,0,0.000295697,0.003756621,0,Ontology,name,0.636124583,3.501828761,1.924253469,134.3404786
ENSG00000146966.11,0,0,0.003794028,0,Ontology,name,19.92753924,1908.010932,20.85627652,4921.487372
ENSG00000280366.1,0,0,0.004728756,0,Ontology,name,297.6511851,158.9335593,206.1989637,105.4095593
ENSG00000229457.1,0,0,0.005306078,0,Ontology,name,27.03471582,0.752041298,2.703082761,2.952139574
ENSG00000165828.12,0,0,0.00532841,0,Ontology,name,14.96664288,0.570527212,1.644365662,2.621794787
ENSG00000260818.2,0,0,0.006455916,0,Ontology,name,6091.959555,3104.98937,6278.19361,2009.506639
ENSG00000133116.7,0,0,0.00689475,0,Ontology,name,5118.971639,361.0023923,97.48588718,595.9811604
ENSG00000108381.9,0,0,0.006990001,0,Ontology,name,20698.39621,3022.244495,1137.117764,5725.134488
ENSG00000135100.16,0,0,0.007077806,0,Ontology,name,30183.47602,869.1031754,314.4370671,1796.465289
ENSG00000165475.12,0,2.76E-06,0.007387859,0,Ontology,name,10.28733536,3.361946091,6.262368255,10.21050896
ENSG00000179314.12,0,4.14E-06,0.008446679,0,Ontology,name,59.2352437,9.607273673,83.8712445,47.90102012
ENSG00000235142.6,0,0,0.008801719,0,Ontology,name,3192.135444,5229.25672,3934.639369,4377.990223
ENSG00000199629.1,0,0,0.00910619,0,Ontology,name,3.061650756,1.539790339,1.227846251,9.727985756
ENSG00000135220.9,0,0,0.009592623,0,Ontology,name,349.7586674,4044.727564,10590.66121,5016.955048
ENSG00000164325.7,0,0.000186919,0.010215542,0,Ontology,name,0.201272082,108.8310784,4.995484373,2.259685536
ENSG00000010379.14,0,0,0.011032257,0,Ontology,name,0.925474564,18.32844204,11.53933006,11.4356478
ENSG00000232110.6,0,0.001989147,0.012524365,0,Ontology,name,4.729899845,389.9589305,29.60848458,22.26844545
ENSG00000171766.14,0,0,0.01364332,0,Ontology,name,2.690572043,37.84080745,2053.217613,341.560412
ENSG00000254844.4,0,7.98E-05,0.01443726,0,Ontology,name,0.601222644,2.06792205,0.330623476,39.11851072
ENSG00000251292.1,0,0,0.014448623,0,Ontology,name,11.30268864,21.62004749,11.16722775,8.655700441
ENSG00000180745.4,0,0.000321189,0.014702816,0,Ontology,name,7.592751338,522.7305003,2.573313735,9719.53394
ENSG00000144035.3,0,0,0.015100634,0,Ontology,name,261.8639812,158.6303768,52.39314527,279.2021143
ENSG00000251599.1,0,0,0.015529362,0,Ontology,name,143.5583207,0.218741888,14.63366104,19.21976938
ENSG00000146039.9,0,0,0.015799193,0,Ontology,name,0.578086429,10.15478311,16.18191773,10.30680536
ENSG00000124568.9,0,2.09E-05,0.016569384,0,Ontology,name,7.832295735,4.28866556,4.044367694,125.9017659
ENSG00000075891.20,0,2.49E-06,0.021662181,0,Ontology,name,13.92644145,57.5030764,105.5055327,67.33742893
ENSG00000081800.7,0,0,0.023147078,0,Ontology,name,104.0169935,13.61492574,9.687841556,22.53863869
ENSG00000188176.10,0,0,0.024694941,0,Molecular Function,SMTNL2,0.04192532,0.221864381,0.123320673,21.1839616
ENSG00000267014.4,0,0,0.024800446,0,Non protein coding ,LINC01532,1.652813765,0.433281416,0.248788858,0.424984288
ENSG00000269707.1,0,0,0.026033175,0,Uncharacterised,AC018730.1,0.260916363,544.5798269,0.486519411,0.914926946
ENSG00000229380.1,0,0,0.030088401,0,Uncharacterised,AC147651.2 ,5.365878713,0.253711357,377.6268917,48.57040521
ENSG00000137731.12,0,0,0.030415778,0,Biological Process,FXYD2,3149.609341,4442.278271,3387.514533,839.782372
ENSG00000269113.3,0,0,0.033044786,0,Cellular Component,TRABD2B,3.4849057,680.8755288,3.400853469,6.296231204
ENSG00000198914.2,0,0,0.043837924,0,Molecular Function,POU3F3,1.36417278,151.1982229,10.6242356,3.663156094
ENSG00000125618.15,0,0.001703171,0.048790384,0,Molecular Function,PAX8,0.510471423,0.183789602,133.1059849,1.14660815
ENSG00000103449.10,0,0.001877016,0.075001922,0,Biological Process,SALL1,3234.38246,1691.768213,1641.715521,2196.945499
ENSG00000106537.7,0,0.000168481,5.78E-05,1.40E-07,Ontology,name,25.17814672,9.755615782,756.9435463,433.2032944
ENSG00000163915.6,0,0.001331377,0,1.54E-07,Ontology,name,0.303101202,393.8653502,9.742538262,8.584355433
ENSG00000279141.2,0,0,0,1.57E-07,Ontology,name,0.219058821,25.55003687,34.07374506,13.90525007
ENSG00000172831.10,0,0,3.88E-05,1.63E-07,Ontology,name,0.382362737,20.84182611,66.14495971,8.433769604
ENSG00000235238.1,0,0,0,1.76E-07,Ontology,name,26.63955781,71.29028119,33.15340799,74.42646439
ENSG00000205002.3,0,0.023293015,0,1.82E-07,Ontology,name,6.427914579,0.285027139,102.986005,1.613450441
ENSG00000078399.14,0,0,8.69E-06,1.84E-07,Ontology,name,6.368672509,0.450434882,25.59974716,0.445204258
ENSG00000166478.8,0,0,0,1.85E-07,Ontology,name,589.8922784,26.65817198,86.14152355,70.18006182
ENSG00000165272.13,0,0,0,1.87E-07,Ontology,name,0.863879915,6.280066962,4.198498318,578.6967698
ENSG00000234899.8,0,0,0,1.92E-07,Ontology,name,20.1051005,5.842993437,8.95264555,8.267572247
ENSG00000166831.7,0,0,0.004239373,2.21E-07,Ontology,name,0.553105855,0.289744838,1931.942026,2.895346623
ENSG00000121101.14,0,0,1.04E-05,4.05E-07,Ontology,name,5.208819,105.8256254,16.63443686,126.3083313
ENSG00000259772.5,0,0,1.48E-06,5.56E-07,Ontology,name,0.435481427,0.492006268,27.86278641,0.668650954
ENSG00000140859.14,0,0,0,6.14E-07,Ontology,name,0.643729352,2.710627139,45.91442901,48.01781057
ENSG00000204187.5,0,0,0,6.56E-07,Ontology,name,5.327843156,1.767525,351.4962392,1.835215786
ENSG00000228221.4,0,0,0,7.03E-07,Ontology,name,5.939192827,4.433194248,4.898746321,3615.973986
ENSG00000227869.1,0,0,0.008962931,7.07E-07,Ontology,name,0.228471074,0.125076549,90.67178031,0.448571659
ENSG00000225362.7,0,0.025947531,0,7.31E-07,Uncharacterised (Predicted intercellular protein),CT62,2.602800814,7.354966445,7.273885564,4.121820852
ENSG00000264458.1,0,0,0,7.32E-07,Ontology,name,16.70461698,170.9151567,5937.143148,30.3631185
ENSG00000249346.5,0,0,0,8.18E-07,Ontology,name,4.73762404,0.98372618,71.12301121,1.442234802
ENSG00000269353.1,0,0,0,1.33E-06,Ontology,name,1.240043234,326.3435541,17.07495326,109.7504377
ENSG00000258551.4,0,0,0,1.42E-06,Ontology,name,12.26275653,1.705852729,101.3252212,1.0261279
ENSG00000203985.9,0,0,0,1.47E-06,Ontology,name,0.744985615,5.487677434,449.8459167,66.17476924
ENSG00000162078.10,0,0.014335931,0.001325046,1.53E-06,Ontology,name,13.44849003,0.413128687,0.33174534,0.785178855
ENSG00000164294.12,0,0,0.000175216,1.71E-06,Ontology,name,1.536290849,13.93502021,12.97964639,135.9682972
ENSG00000108187.14,0,0,0,1.93E-06,Ontology,name,0.088935712,0.039702729,3.324829923,0.060070411
ENSG00000225329.2,0,0.001120232,0,2.45E-06,Ontology,name,31.1090394,14.24114462,29.08340876,16.02445977
ENSG00000251532.1,0,0,0,2.74E-06,Ontology,name,3.071644009,4.663893363,305.9475353,6.646900514
ENSG00000214867.3,0,0,0,2.81E-06,Ontology,name,0.496142264,2.548576991,57.629252,5.272203744
ENSG00000235092.4,0,0,0.013340487,3.19E-06,Ontology,name,1.90676805,36.9615472,3.640189839,4.81157746
ENSG00000176402.5,0,0.038595119,0,3.28E-06,Cellular Component,GJC3,2.735270415,4.828247861,970.6028846,2.855318943
ENSG00000130522.5,0,0,0,3.36E-06,Ontology,name,4.469834238,394.4584268,283.9577236,48.41279317
ENSG00000073737.15,0,0,0,4.04E-06,Ontology,name,3.491330903,770.5525472,0.363269937,0.126659178
ENSG00000181751.8,0,6.52E-05,0,4.65E-06,Ontology,name,3.81962815,81.94066755,4.574784443,7.138360352
ENSG00000102359.5,0,0.000102297,0,6.03E-06,Ontology,name,9.664302637,22.82909609,100.4662441,18.37395903
ENSG00000138769.9,0,0.000247118,0,6.58E-06,Ontology,name,43.68046425,50.85601497,5920.372623,39.5371964
ENSG00000255007.1,0,0,0,6.63E-06,Ontology,name,30.1785786,18.86566925,12.26334632,12.30932063
ENSG00000083067.21,0,0,1.59E-06,7.18E-06,Ontology,name,256.5896358,4.569611947,45.57047533,72.47613164
ENSG00000135744.7,0,0,0,8.14E-06,Ontology,name,21.03365987,7.28635177,10.4796274,9.816413363
ENSG00000180818.4,0,0.000691567,0.002711118,8.24E-06,Ontology,name,3.666304808,1.602927212,1.321449124,38.93019508
ENSG00000229536.1,0,0,0,8.57E-06,Ontology,name,10.22430376,301.940769,689.2784156,406.0303214
ENSG00000131355.13,0,0,0,1.04E-05,Ontology,name,22.30205409,0.797639233,1.020932586,1.731543612
ENSG00000249641.2,0,0.008015606,0,1.10E-05,Ontology,name,0.055111594,0.016058923,35.81398809,0.066898238
ENSG00000166035.9,0,0,0.000442771,1.15E-05,Ontology,name,130.3116283,2.986590487,17.66457589,29.59740698
ENSG00000259092.1,0,0,0,1.15E-05,Ontology,name,542.1710466,159.2735552,491.2321824,359.5195381
ENSG00000167315.16,0,0,0.006701414,1.19E-05,Ontology,name,8.827901008,19.52343754,54.81530049,8.920328708
ENSG00000161905.11,0,0,0.000273138,1.20E-05,Ontology,name,3.662245017,1206.863122,0.763210932,0.242850661
ENSG00000168269.8,0,0.000356595,0.000301053,1.45E-05,Ontology,name,1.898923497,2.385678171,3.472019692,19.76846667
ENSG00000090530.8,0,0,0,1.60E-05,Ontology,name,3.727932067,66.79989926,6385.05074,157.7731902
ENSG00000117983.16,0,0.000257825,2.19E-05,1.91E-05,Ontology,name,0.331946336,20.28543813,0.48780014,37.15675639
ENSG00000226337.3,0,0.001025733,0,2.13E-05,Ontology,name,36.24501551,0.67883208,2.687120392,1.801769163
ENSG00000130234.9,0,0,0,2.21E-05,Ontology,name,13.94671221,1.98875177,13.68779965,50.82026167
ENSG00000181092.8,0,0.011165358,0,2.35E-05,Ontology,name,24.29132454,3.609344322,10.62429138,7.50733326
ENSG00000183549.9,0,0,0,2.45E-05,Ontology,name,3.487730981,141.1847114,16.01073952,257.8401851
ENSG00000110887.6,0,0,0.009933019,2.54E-05,Ontology,name,6.608160023,8.141532817,38.91218746,3.596712628
ENSG00000099937.9,0,4.77E-05,0,2.64E-05,Ontology,name,1.477256766,51.93646047,94.11675326,171.0431518
ENSG00000273796.1,0,0,0.011727201,2.99E-05,Ontology,name,42.21102001,20.01127146,16.94018725,26.03615646
ENSG00000133808.4,0,0,0.001235735,3.61E-05,Ontology,name,0.178163552,3738.7232,7.686031605,12.71626131
ENSG00000185046.17,0,0.000144502,0,3.86E-05,Ontology,name,762.2617946,2068.504741,860.0131608,819.6949954
ENSG00000130701.3,0,0.00039838,6.55E-05,4.09E-05,Ontology,name,253.0937356,23.56802979,34.32269397,35.09521189
ENSG00000115009.10,0,0,0,4.24E-05,Ontology,name,2.573422063,5.16908326,180.6431502,0.962514537
ENSG00000166961.13,0,0,0.001058022,4.36E-05,Ontology,name,306.8073306,18.88739388,19.06480617,25.81099141
ENSG00000168675.17,0,0.000235707,0,4.73E-05,Ontology,name,3.458998333,76.57843304,48.53672404,134.4102147
ENSG00000134874.16,0,0,0.002674959,5.00E-05,Ontology,name,95.03956743,710.3463585,144.5731662,302.7036939
ENSG00000092929.10,0,0.000131926,0.001880218,5.35E-05,Ontology,name,145.4781991,3.734590487,36.0770698,37.71614971
ENSG00000215182.8,0,0,1.46E-06,5.53E-05,Ontology,name,0.512872121,0.207866077,0.161300841,1.993644787
ENSG00000136546.12,0,0,0,5.65E-05,Ontology,name,1.276801435,283.2270294,5.809306868,2.261774449
ENSG00000142661.17,0,0,4.81E-05,5.70E-05,Ontology,name,109.3569933,151.0107947,191.2537695,78.54770264
ENSG00000259291.2,0,0,1.58E-06,5.95E-05,Ontology,name,0.4409095,114.5278426,7.043084022,45.74914684
ENSG00000135451.11,0,0,0,6.21E-05,Ontology,name,0.888471888,18.68678363,43.93668626,50.37335947
ENSG00000123977.8,0,0.000172126,0,7.46E-05,Ontology,name,5.315950562,229.3931501,367.7729704,204.6305101
ENSG00000149043.15,0,0,0,7.71E-05,Ontology,name,0.828933773,3.927169764,2.382020182,21.96332151
ENSG00000180777.12,0,0.006843931,0,0.000101136,Ontology,name,0.742425359,53.25048555,0.986118781,6.69900536
ENSG00000169085.10,0,0.000180199,0,0.000116885,Ontology,name,13.76768565,0.423361431,1.170515067,11.42071241
ENSG00000233639.4,0,0,0.006553997,0.000130212,Ontology,name,19.03405394,3.100006047,3.106589208,3.094029736
ENSG00000039560.12,0,0,0,0.000131325,Ontology,name,0.919639705,11.50545243,66.67439888,3.090158223
ENSG00000150667.6,0,0.004581383,0,0.000133198,Ontology,name,33.42460508,1.885644395,7.852094884,2.40102746
ENSG00000178473.6,0,0,0,0.000133869,Ontology,name,0.249702637,0.226073599,34.63541598,0.212317915
ENSG00000174502.17,0,0,0,0.000155357,Ontology,name,1.046097557,0.263253319,68.16904772,0.564328194
ENSG00000130203.8,0,2.04E-07,0,0.00015735,Ontology,name,9.816761225,9.041500737,16.40911745,148.921732
ENSG00000170786.11,0,0.00282994,0.001146542,0.000205602,Ontology,name,0.151044242,0.083663053,58.54935592,0.133478341
ENSG00000243069.6,0,1.82E-07,0,0.000206086,Ontology,name,155.834672,871.1925841,363.742024,200.0719269
ENSG00000157557.10,0,0,0,0.000206415,Ontology,name,0.177310314,1.854069912,24.88147779,0.644283186
ENSG00000224389.7,0,0,0,0.000217373,Ontology,name,0.034937573,0.659146091,1.632691801,9.329731865
ENSG00000147655.9,0,0,0,0.000230878,Ontology,name,202.0528644,6.857799926,9.533560126,10.42528495
ENSG00000138079.12,0,0.0001,0.008561489,0.000243198,Ontology,name,0.216260566,184.5713265,0.10350939,0.053668355
ENSG00000080493.12,0,0.000115709,0.000834305,0.000245208,Ontology,name,171.6586149,3.995824558,10.83174128,14.05636498
ENSG00000249916.1,0,2.01E-05,0,0.000264745,Ontology,name,129.0468253,128.6437843,952.8731866,261.9509984
ENSG00000164039.13,0,0,0.007279295,0.000267298,Ontology,name,1.45362691,0.829674189,1.751492922,271.5392367
ENSG00000124237.5,0,0,0,0.000288787,Ontology,name,20.12425812,5.29247205,82.73560021,8.200752423
ENSG00000215580.9,0,0.003793208,0,0.000312693,Ontology,name,0.088014269,0.867080531,122.2122678,0.496237885
ENSG00000159212.11,0,0,0,0.000332238,Ontology,name,8.200247228,7.069176032,13.53302179,6.06652746
ENSG00000152785.6,0,0.00048249,0,0.000394013,Ontology,name,43.17615056,2.989821091,6.158203364,7.336427019
ENSG00000176597.10,0,0.000197286,0,0.000408088,Ontology,name,129.7709883,30.60211239,191.1175113,39.29413429
ENSG00000183878.14,0,0.000194135,0,0.000408592,Ontology,name,21.1844261,4.00071615,25.92231037,13.2636953
ENSG00000164509.12,0,0.00057416,0,0.00042529,Ontology,name,3.776145211,0.35375531,170.4997858,1.021215932
ENSG00000206075.12,0,0.000807706,0,0.000478758,Ontology,name,0.767818224,16.68371851,0.803326139,41.79587739
ENSG00000016402.11,0,0,1.63E-07,0.000500645,Ontology,name,0.329783986,167.0130973,3.60376321,324.0107537
ENSG00000134762.15,0,0.000799809,0,0.000545728,Ontology,name,1521.202242,20.6840837,14.22922151,37.54336454
ENSG00000103534.15,0,0,0,0.00055529,Ontology,name,3.243379837,0.087928614,181.2284501,0.552790455
ENSG00000164746.12,0,0,0,0.000701661,Ontology,name,0.215181853,273.5830504,246.1891157,6.903376579
ENSG00000187258.12,0,0.000674018,0,0.000719599,Ontology,name,4.908075456,2.697355752,1.355338332,183.3959341
ENSG00000241359.1,0,0,0.000119783,0.000742381,Ontology,name,36.72158604,8623.338356,20.9589698,5943.053374
ENSG00000198848.11,0,0,0,0.000753158,Ontology,name,55.83614149,22.39519956,86.50811191,66.64979552
ENSG00000180772.6,0,8.15E-05,0,0.000772603,Ontology,name,0.690824351,2.848012611,9.838756412,5.427848899
ENSG00000143578.14,0,0.013324419,0,0.000781981,Ontology,name,0.123025863,0.084885988,0.152834688,19.14531902
ENSG00000115468.10,0,0.007433417,0,0.000782449,Ontology,name,19.20357092,31.35272729,224.8193786,183.1902496
ENSG00000160678.10,0,0.000450538,0,0.000784795,Ontology,name,2.735560799,4.271199779,3.363053329,16.5132688
ENSG00000236242.1,0,0,0.00030516,0.000811604,Ontology,name,112.0263566,10.77629565,16.5622965,12.76543634
ENSG00000174827.12,0,0,0,0.000852689,Ontology,name,2.463193059,15.74356143,35.33640266,7.22080793
ENSG00000110484.6,0,0.043253224,0,0.000865113,Cellular Component,SCGB2A2,15.14824401,4.233449705,5.50998157,5.184873789
ENSG00000234918.1,0,0.009991821,0,0.00086516,Ontology,name,2.89526394,122.3724741,162.8039952,115.6719922
ENSG00000162598.12,0,0,0,0.00088554,Ontology,name,0.352874215,0.713792109,1.17859061,123.6872305
ENSG00000240922.1,0,0,0,0.000907464,Ontology,name,0.110763746,0.300000811,0.292076734,1.364244493
ENSG00000149124.9,0,7.21E-05,4.24E-05,0.000940997,Ontology,name,14.30287096,4.189043953,222.9712141,5.111553744
ENSG00000115507.8,0,0,0.000799417,0.00094453,Ontology,name,0.201263901,0.157921091,33.4803143,54.43336057
ENSG00000214313.7,0,0.012600834,0,0.000961126,Ontology,name,98.18424409,3.289795428,7.795392292,10.60599457
ENSG00000256612.6,0,0,0.000427325,0.001116574,Ontology,name,727.2770702,469.9232675,1424.263453,288.8765877
ENSG00000132698.12,0,0.004088465,0,0.001143451,Ontology,name,0.327385072,1.123053319,99.85483041,12.76677533
ENSG00000089356.15,0,0.009004477,0.000151936,0.001163119,Ontology,name,9.370370221,80.26860855,53.46312481,37.44896512
ENSG00000213730.3,0,1.64E-06,0,0.001173966,Ontology,name,2.220626716,1.181700516,10.99792193,4.502415419
ENSG00000065618.15,0,0,0,0.001179217,Ontology,name,816.6986809,40.17263628,30.95874541,142.955072
ENSG00000108001.12,0,2.02E-05,0,0.001188787,Ontology,name,65.1335872,22.82405406,96.51176146,52.82787636
ENSG00000106541.10,0,8.29E-07,1.91E-05,0.001192607,Ontology,name,1.013083055,24.47339395,11.9053946,646.0086664
ENSG00000259104.2,0,0.003095687,0,0.00120535,Ontology,name,0.53866677,10.92982802,0.228325858,0.404031645
ENSG00000204544.5,0,8.87E-05,0,0.001219949,Ontology,name,14.3450328,165.6494382,19.51632901,32.54333576
ENSG00000167105.6,0,5.56E-05,0,0.001277018,Ontology,name,1.41308701,75.8935576,55.21894387,63.06710881
ENSG00000170370.11,0,0,0.050810719,0.001325561,Molecular Function,EMX2,0.190830128,0.314099336,10.8813548,0.174055066
ENSG00000265190.5,0,0.000461553,4.91E-05,0.001491497,Ontology,name,0.113811788,2.279409882,0.990434968,0.081628341
ENSG00000189334.7,0,0.001326617,0,0.001540733,Ontology,name,0.498157542,3.366329056,1.898842116,22.2414246
ENSG00000124564.16,0,0,0.015432373,0.001552126,Ontology,name,3.77909748,12.79439801,448.4500785,10.74000433
ENSG00000063660.7,0,1.33E-05,0,0.001666119,Ontology,name,191.4722169,41.07540789,47.26957624,38.64326946
ENSG00000066813.13,0,0,0.016265779,0.001714492,Ontology,name,1.570125048,26.30745007,29.66389376,22.269279
ENSG00000189377.7,0,0,2.87E-06,0.001929255,Ontology,name,579.5219936,29.08010302,37.79670231,64.69906894
ENSG00000106789.11,0,0,0,0.0019724,Ontology,name,307.4421786,19.09913968,35.01871682,42.45375646
ENSG00000275410.3,0,0.004339543,0.003327188,0.002075556,Ontology,name,19.20224409,12.26096748,34.77767344,10.87478407
ENSG00000160862.11,0,0.021874968,9.43E-05,0.00219426,Ontology,name,84.62099508,30.00953112,48.18571983,37.0816149
ENSG00000085276.16,0,0.000746248,0,0.002365242,Ontology,name,0.596866654,1.074870649,4.372692642,1.850728414
ENSG00000124935.3,0,0.000829155,0,0.002418625,Ontology,name,1.404169872,1.212238496,4.124485774,8.991401909
ENSG00000228952.1,0,0.000766145,0,0.002508413,Ontology,name,1142.446086,504.3805024,607.036536,519.9413554
ENSG00000183747.10,0,0,0.019015265,0.002570865,Ontology,name,0.524621869,63.88304513,20.55901114,0.65837188
ENSG00000114771.12,0,0.000559495,0,0.003029136,Ontology,name,56.36820977,216.2148931,20.19871745,971.266857
ENSG00000101311.14,0,0,0,0.003092729,Ontology,name,2261.76841,76.2382014,75.85832761,114.7183836
ENSG00000261730.1,0,0,0,0.003112271,Ontology,name,85.05259698,47.88670929,45.63244394,84.33139119
ENSG00000102313.8,0,0.032727343,0,0.003684866,Molecular Function,ITIH6,176.6340054,16.29407677,15.36749516,27.44465066
ENSG00000162493.15,0,0,2.59E-06,0.003791275,Ontology,name,0.556682125,1.663179204,151.4262968,1.427852056
ENSG00000280285.1,0,0,0,0.003824928,Ontology,name,5.090405467,39.16366807,220.820141,90.21980903
ENSG00000178597.5,0,0,0,0.003849467,Ontology,name,33.73627747,41.84044624,238.6548137,85.21983054
ENSG00000164893.7,0,0.005259028,0,0.003971918,Ontology,name,59.46770116,25.25076099,24.64946447,20.67029949
ENSG00000231322.4,0,0,0,0.004075391,Ontology,name,0.298755525,4.249704351,0.868961388,13.76513605
ENSG00000137273.3,0,2.76E-06,1.48E-06,0.004093768,Ontology,name,10.05338918,0.535591372,0.989924387,1.401836637
ENSG00000114455.12,0,0.007543236,0,0.004107401,Ontology,name,7.471918224,400.421309,5141.838733,133.8498603
ENSG00000143217.8,0,0.000812752,0.000514207,0.004287285,Ontology,name,22.06573893,4.735595133,5.193794604,7.155534875
ENSG00000171658.7,0,0.00020421,0,0.004410322,Ontology,name,487.1841979,23.32060428,30.28356426,31.15529919
ENSG00000171560.13,0,0,0,0.004615565,Ontology,name,18.58952206,1.282056932,10.63002453,1.981465419
ENSG00000169174.10,0,2.06E-05,0.000163493,0.004959384,Ontology,name,0.96561423,51.74702426,0.657687596,65.52417034
ENSG00000147697.7,0,0,0,0.005013022,Ontology,name,10.39792133,27.84297227,309.6009627,19.3310721
ENSG00000134398.11,0,1.16E-05,0,0.005104213,Ontology,name,168.9742,1.739372788,16.22640673,25.99565631
ENSG00000268287.1,0,0,0,0.005149544,Ontology,name,156.8469429,9.152156121,20.38870736,23.52207504
ENSG00000205420.9,0,0,0,0.005408205,Ontology,name,327.4020043,21.43256556,20.34016216,36.00541953
ENSG00000171557.15,0,0,0,0.005471581,Ontology,name,0.484637805,0.64278385,115.9673569,0.522403084
ENSG00000151365.2,0,0.003446712,0,0.005607297,Ontology,name,50.42606619,14.45216541,23.26898718,27.18104464
ENSG00000149435.11,0,0,0,0.006007374,Ontology,name,39.71857999,7.479091593,12.00387582,7.68237467
ENSG00000273760.1,0,0,0,0.006160028,Ontology,name,501.4630885,34.67156999,48.56429965,30.5885047
ENSG00000078081.6,0,0,0,0.006403997,Ontology,name,30.81253304,7.410412316,38.86746811,19.65271116
ENSG00000251985.1,0,0,0,0.006791323,Ontology,name,2.81473385,8.29125767,1051.29234,8.681557636
ENSG00000137648.15,0,0.000272859,0,0.007128946,Ontology,name,219.1973127,15.32394749,62.22470077,36.57573634
ENSG00000229847.7,0,0.001596529,0.013967289,0.007646294,Ontology,name,421.0899564,5.885082153,15.38101549,11.47493319
ENSG00000137747.13,0,0.000678647,0.000119283,0.00801197,Ontology,name,608.6525179,112.5655444,202.9595106,119.8465148
ENSG00000125798.13,0,0.003607707,0,0.00840173,Ontology,name,22.49910985,4.260494543,4.37475466,4.393010499
ENSG00000224842.2,0,0.083622218,0,0.008610383,Uncharacterised,AL161908.1,30.90579771,51.61847205,117.1999858,35.2347326
ENSG00000105388.13,0,0,0.001221956,0.008777192,Ontology,name,11.44521004,8.629460029,94.47668542,13.47486821
ENSG00000214822.7,0,0.002637005,0,0.009422448,Ontology,name,245.2910118,27.8095323,28.83200582,36.27897386
ENSG00000256151.1,0,0.000416772,0.000788805,0.009442285,Ontology,name,0.626043971,13.62523525,5.658825508,134.7510656
ENSG00000257520.1,0,0.001034547,0.000358904,0.009805998,Ontology,name,2.059556456,33.86108842,155.8110474,26.72094214
ENSG00000164400.5,0,0,0,0.010229419,Ontology,name,44.11380527,2.605314454,5.521734968,8.64953627
ENSG00000157765.10,0,0,0,0.010530046,Ontology,name,20.72910748,1.038765782,15.44599208,3.916425624
ENSG00000198488.9,0,0.000185429,0,0.011297862,Ontology,name,515.5674557,2.437776844,15.97133959,21.55790536
ENSG00000258844.1,0,0,0,0.012127231,Ontology,name,0.55961171,23.92191917,52.5025904,10.39031623
ENSG00000255399.3,0,0,2.23E-05,0.012438741,Ontology,name,373.6260587,594.7028355,1318.734271,6090.54071
ENSG00000280002.1,0,0.000834983,0.000671859,0.012669428,Ontology,name,32.948586,8.987893805,8791.009653,923.5128899
ENSG00000047936.9,0,0,0.000139521,0.014470033,Ontology,name,155.3068143,28.57428046,53.67689285,30.88058421
ENSG00000131400.6,0,0.000730785,0,0.014823186,Ontology,name,3.458762466,16.13386615,44.09898073,9.894115859
ENSG00000275385.1,0,0,0,0.015294816,Ontology,name,462.1533761,46.48469653,116.2516788,138.4235217
ENSG00000222713.1,0,0,0,0.015760913,Ontology,name,406.5906331,12.33474137,34.52244674,19.13572988
ENSG00000179813.5,0,0,0,0.016382069,Ontology,name,0.405855603,0.864318584,345.5690359,4.40846072
ENSG00000102554.12,0,2.97E-05,0,0.019090604,Ontology,name,0.612564133,5.494801106,82.15820014,12.67521755
ENSG00000187908.14,0,0,0,0.022085202,Ontology,name,0.633462737,15.77228075,267.7165577,14.76030507
ENSG00000123838.9,0,0.001129718,0,0.024741048,Ontology,name,5.381162737,1.113193289,3.516451857,2.294713363
ENSG00000188089.12,0,0,0,0.026541286,Ontology,name,16.27781295,17.55260125,134.1203212,22.0335815
ENSG00000121075.8,0,0,1.69E-06,0.02726589,Ontology,name,34.73050702,66.85509882,217.0688361,52.58951021
ENSG00000164265.7,0,7.59E-07,0,0.028177346,Cellular Component,SCGB3A2,82.04729488,13.0708573,25.51457765,33.36428399
ENSG00000149021.5,0,0.001218581,0,0.029133979,Biological Process,SCGB1A1,157.7804189,268.1431552,376.6293922,230.0549686
ENSG00000196260.3,0,1.27E-07,0,0.03181567,Cellular Component,SFTA2,20.14315824,10.49606925,22.86102509,113.2849759
ENSG00000168484.11,0,0.000586338,0,0.033714388,Molecular Function,SFTPC,4.465675184,0.259969027,4.888829502,0.758321512
ENSG00000259974.2,0,0.003595054,0,0.035488846,Non protein coding ,LINC00261,1.46343195,59.44050619,18.74079404,1.735346109
ENSG00000185303.14,0,0.000804428,5.06E-05,0.040585011,Biological Process,SFTPA2,1.035416596,0.039825664,0.305044429,0.404633994
ENSG00000227300.11,0,0.002755633,2.02E-07,0.041979785,Pseudogene,KRT16P2,5.094711245,5.379151917,2.2576459,293.3951153
ENSG00000136352.16,0,1.71E-05,0,0.046109891,Biological Process,NKX2-1,4.707823187,4.465800885,12.17394709,286.2279731
ENSG00000253563.2,0,0.001619902,0,0.072256607,Uncharacterised,NKX2-1-AS1 ,5.159358278,0.685037463,24.04130056,0.364493392